"AnnoMese";"Postazione";"Giorno";"N Giorno Settimana";"Strada";"Corsia";"Transiti - Totale";"Transiti - Non Classificato";"Transiti - Leggeri";"Transiti - Pesanti";"Transiti - Diurno";"Transiti - Notturno";"Transiti - Feriali";"Transiti - Festivi"
"2020/02";"6";"29/02/2020";"6";"SS 12 tra Fiumalbo e Abetone";"0 - DA CONFINE REGIONALE TOSCANA A CONFINE REGIONALE LOMBARDIA";"1.298";"0";"1.287";"11";"1.066";"232";"0";"1.298"
"2020/02";"6";"29/02/2020";"6";"SS 12 tra Fiumalbo e Abetone";"1 - DA CONFINE REGIONALE LOMBARDIA A CONFINE REGIONALE TOSCANA";"1.223";"0";"1.213";"10";"1.017";"206";"0";"1.223"
"2020/02";"7";"29/02/2020";"6";"SS 64 tra Porretta Terme e Sambuca Pistoiese";"0 - DA PORRETTA TERME A FERRARA";"3.458";"0";"3.409";"49";"2.838";"620";"0";"3.458"
"2020/02";"7";"29/02/2020";"6";"SS 64 tra Porretta Terme e Sambuca Pistoiese";"1 - DA FERRARA A PORRETTA TERME";"3.470";"0";"3.427";"43";"2.817";"653";"0";"3.470"
"2020/02";"9";"29/02/2020";"6";"SS 67 tra Rocca San Casciano e Portico San Benedetto";"0 - DA CONFINE REGIONALE TOSCANA A RAVENNA";"603";"0";"584";"19";"486";"117";"0";"603"
"2020/02";"9";"29/02/2020";"6";"SS 67 tra Rocca San Casciano e Portico San Benedetto";"1 - DA RAVENNA A CONFINE REGIONALE TOSCANA";"591";"0";"576";"15";"499";"92";"0";"591"
"2020/02";"12";"29/02/2020";"6";"SS 16 al Confine regionale (Marche)";"0 - DA  FERRARA A CONFINE REGIONALE MARCHE";"5.738";"0";"5.643";"95";"4.291";"1.447";"0";"5.738"
"2020/02";"12";"29/02/2020";"6";"SS 16 al Confine regionale (Marche)";"1 - DA CONFINE REGIONALE MARCHE A  FERRARA";"6.289";"0";"6.210";"79";"4.853";"1.436";"0";"6.289"
"2020/02";"16";"29/02/2020";"6";"SP 69 in località Pilastri al Confine regionale";"0 - DA CONFINE PROVINCIALE LOMBARDIA A FERRARA";"641";"0";"621";"20";"517";"124";"0";"641"
"2020/02";"16";"29/02/2020";"6";"SP 69 in località Pilastri al Confine regionale";"1 - DA FERRARA A CONFINE PROVINCIALE LOMBARDIA";"610";"0";"585";"25";"449";"161";"0";"610"
"2020/02";"19";"29/02/2020";"6";"SP 343R tra Colorno e Casalmaggiore";"0 - DA PARMA A CONFINE REGIONALE LOMBARDIA";"3.804";"0";"3.508";"296";"2.895";"909";"0";"3.804"
"2020/02";"19";"29/02/2020";"6";"SP 343R tra Colorno e Casalmaggiore";"1 - DA CONFINE REGIONALE LOMBARDIA A PARMA";"3.740";"0";"3.484";"256";"2.875";"865";"0";"3.740"
"2020/02";"25";"29/02/2020";"6";"SS 9 tra San Prospero (Case Crostolo) e Sant'Ilario d'Enza";"0 - DA RIMINI A PIACENZA";"12.279";"0";"11.999";"280";"8.860";"3.419";"0";"12.279"
"2020/02";"25";"29/02/2020";"6";"SS 9 tra San Prospero (Case Crostolo) e Sant'Ilario d'Enza";"1 - DA PIACENZA A RIMINI";"12.268";"0";"11.993";"275";"8.596";"3.672";"0";"12.268"
"2020/02";"52";"29/02/2020";"6";"SP 253 tra Sesto Imolese e Medicina";"0 - DA BOLOGNA A RAVENNA";"2.241";"0";"2.173";"68";"1.703";"538";"0";"2.241"
"2020/02";"52";"29/02/2020";"6";"SP 253 tra Sesto Imolese e Medicina";"1 - DA RAVENNA A BOLOGNA";"2.189";"0";"2.134";"55";"1.603";"586";"0";"2.189"
"2020/02";"53";"29/02/2020";"6";"SS 309 a San Giuseppe di Comacchio";"0 - DA RAVENNA A CONFINE REGIONALE VENETO";"3.670";"0";"3.220";"450";"2.754";"916";"0";"3.670"
"2020/02";"53";"29/02/2020";"6";"SS 309 a San Giuseppe di Comacchio";"1 - DA CONFINE REGIONALE VENETO A RAVENNA";"3.853";"0";"3.392";"461";"2.973";"880";"0";"3.853"
"2020/02";"95";"29/02/2020";"6";"SP 10R tra Castel San Giovanni e Sarmato";"1 - DA CASTELVETRO PIACENTINO A CASTEL SAN GIOVANNI";"4.657";"0";"4.563";"94";"3.648";"1.009";"0";"4.657"
"2020/02";"98";"29/02/2020";"6";"SP 302R tra Brisighella e Marradi";"0 - DA CONFINE REGIONALE TOSCANA A FAENZA";"1.485";"0";"1.461";"24";"1.133";"352";"0";"1.485"
"2020/02";"98";"29/02/2020";"6";"SP 302R tra Brisighella e Marradi";"1 - DA FAENZA A CONFINE REGIONALE TOSCANA";"1.572";"0";"1.542";"30";"1.193";"379";"0";"1.572"
"2020/02";"100";"29/02/2020";"6";"SP 258R tra Villa Verucchio ed ex Confine regionale (località Dogana)";"0 - DA CONFINE REGIONALE MARCHE A RIMINI";"6.060";"0";"5.956";"104";"4.818";"1.242";"0";"6.060"
"2020/02";"100";"29/02/2020";"6";"SP 258R tra Villa Verucchio ed ex Confine regionale (località Dogana)";"1 - DA RIMINI A CONFINE REGIONALE MARCHE";"6.108";"0";"6.002";"106";"4.750";"1.358";"0";"6.108"
"2020/02";"107";"29/02/2020";"6";"SP 85 tra Rubiera e bivio SP 13MO (c/o Campogalliano)";"0 - DA RUBIERA A CONFINE PROVINCIALE MODENA";"3.254";"0";"3.163";"91";"2.450";"804";"0";"3.254"
"2020/02";"107";"29/02/2020";"6";"SP 85 tra Rubiera e bivio SP 13MO (c/o Campogalliano)";"1 - DA CONFINE PROVINCIALE MODENA A RUBIERA";"3.321";"0";"3.233";"88";"2.524";"797";"0";"3.321"
"2020/02";"108";"29/02/2020";"6";"SP 412R tra Castel San Giovanni (Casello A 21) e ponte fiume Po";"0 - DA CASTEL SAN GIOVANNI A CAMINATA (CONFINE REGIONALE LOMBARDIA)";"3.997";"2";"3.937";"58";"3.055";"942";"0";"3.997"
"2020/02";"108";"29/02/2020";"6";"SP 412R tra Castel San Giovanni (Casello A 21) e ponte fiume Po";"1 - DA CAMINATA (CONFINE REGIONALE LOMBARDIA) A CASTEL SAN GIOVANNI";"4.002";"1";"3.975";"26";"3.186";"816";"0";"4.002"
"2020/02";"112";"29/02/2020";"6";"SP 111 tra Boretto e Viadana sul ponte Po";"0 - DA SS9 (CALERNO - SANT'ILARIO D'ENZA) A BORETTO";"5.778";"0";"5.601";"177";"4.326";"1.452";"0";"5.778"
"2020/02";"112";"29/02/2020";"6";"SP 111 tra Boretto e Viadana sul ponte Po";"1 - DA BORETTO A SS9 (CALERNO - SANT'ILARIO D'ENZA)";"5.732";"0";"5.543";"189";"4.391";"1.341";"0";"5.732"
"2020/02";"116";"29/02/2020";"6";"SP 138 tra S.Piero in Bagno (E 45) e Bagno di Romagna";"0 - DA BORRELLO (CESENA) A BAGNO DI ROMAGNA";"2.500";"0";"2.455";"45";"1.956";"544";"0";"2.500"
"2020/02";"116";"29/02/2020";"6";"SP 138 tra S.Piero in Bagno (E 45) e Bagno di Romagna";"1 - DA BAGNO DI ROMAGNA A BORRELLO (CESENA)";"2.355";"0";"2.312";"43";"1.760";"595";"0";"2.355"
"2020/02";"117";"29/02/2020";"6";"SS 63 tra Collagna e Sassalbo (Passo del Cerreto)";"0 - DA CONFINE REGIONALE TOSCANA A REGGIO EMILIA";"346";"0";"336";"10";"274";"72";"0";"346"
"2020/02";"117";"29/02/2020";"6";"SS 63 tra Collagna e Sassalbo (Passo del Cerreto)";"1 - DA REGGIO EMILIA A CONFINE REGIONALE TOSCANA";"309";"0";"301";"8";"278";"31";"0";"309"
"2020/02";"118";"29/02/2020";"6";"SS 45 tra Ottone e Gorreto";"0 - DA CONFINE REGIONALE LIGURIA A PIACENZA";"302";"0";"296";"6";"244";"58";"0";"302"
"2020/02";"118";"29/02/2020";"6";"SS 45 tra Ottone e Gorreto";"1 - DA PIACENZA A CONFINE REGIONALE LIGURIA";"306";"0";"300";"6";"250";"56";"0";"306"
"2020/02";"122";"29/02/2020";"6";"SP 10R tra Piacenza (ponte fiume Trebbia) e San Nicolo'";"0 - DA CASTEL SAN GIOVANNI A CASTELVETRO PIACENTINO";"8.808";"0";"8.670";"138";"6.929";"1.879";"0";"8.808"
"2020/02";"122";"29/02/2020";"6";"SP 10R tra Piacenza (ponte fiume Trebbia) e San Nicolo'";"1 - DA CASTELVETRO PIACENTINO A CASTEL SAN GIOVANNI";"9.075";"1";"8.922";"152";"6.816";"2.259";"0";"9.075"
"2020/02";"123";"29/02/2020";"6";"SP 28 tra Piacenza (Tangenziale Sud) e Gossolengo";"0 - DA PIACENZA A RIVERGARO";"6.132";"0";"6.066";"66";"4.851";"1.281";"0";"6.132"
"2020/02";"123";"29/02/2020";"6";"SP 28 tra Piacenza (Tangenziale Sud) e Gossolengo";"1 - DA RIVERGARO A PIACENZA";"5.847";"0";"5.786";"61";"4.773";"1.074";"0";"5.847"
"2020/02";"124";"29/02/2020";"6";"SS 45 tra Piacenza e Settima";"1 - DA PIACENZA A CONFINE REGIONALE LIGURIA";"6.376";"0";"6.259";"117";"4.861";"1.515";"0";"6.376"
"2020/02";"125";"29/02/2020";"6";"SP 654R tra Piacenza (Tangenziale Sud) e Turro";"0 - DA PIACENZA A CONFINE PROVINCIALE PARMA";"7.045";"0";"6.914";"131";"5.504";"1.541";"0";"7.045"
"2020/02";"125";"29/02/2020";"6";"SP 654R tra Piacenza (Tangenziale Sud) e Turro";"1 - DA CONFINE PROVINCIALE PARMA A PIACENZA";"6.683";"1";"6.555";"127";"5.425";"1.258";"0";"6.683"
"2020/02";"126";"29/02/2020";"6";"SP 6 tra Piacenza (Tangenziale Sud) e bivio SP 42/ponte fiume Nure in località San Giorgio Piacentino";"0 - DA PIACENZA A SAN GIORGIO PIACENTINO";"5.388";"0";"5.284";"104";"4.161";"1.227";"0";"5.388"
"2020/02";"126";"29/02/2020";"6";"SP 6 tra Piacenza (Tangenziale Sud) e bivio SP 42/ponte fiume Nure in località San Giorgio Piacentino";"1 - DA SAN GIORGIO PIACENTINO A PIACENZA";"5.556";"0";"5.437";"119";"4.418";"1.138";"0";"5.556"
"2020/02";"127";"29/02/2020";"6";"SS 9 tra Piacenza e Pontenure";"0 - DA RIMINI A PIACENZA";"7.389";"1";"7.138";"250";"5.738";"1.651";"0";"7.389"
"2020/02";"127";"29/02/2020";"6";"SS 9 tra Piacenza e Pontenure";"1 - DA PIACENZA A RIMINI";"7.585";"1";"7.307";"277";"5.697";"1.888";"0";"7.585"
"2020/02";"128";"29/02/2020";"6";"SP 10R tra Piacenza (Casello A 1/A 21) e il bivio SP 10R e SP 587R";"0 - DA CASTEL SAN GIOVANNI A CASTELVETRO PIACENTINO";"5.264";"0";"5.080";"184";"3.779";"1.485";"0";"5.264"
"2020/02";"128";"29/02/2020";"6";"SP 10R tra Piacenza (Casello A 1/A 21) e il bivio SP 10R e SP 587R";"1 - DA CASTELVETRO PIACENTINO A CASTEL SAN GIOVANNI";"5.092";"0";"4.889";"203";"3.708";"1.384";"0";"5.092"
"2020/02";"129";"29/02/2020";"6";"SS 9Var tra Parma e ponte fiume Taro (Tangenziale nord di Parma)";"3 - DA PIACENZA A RIMINI";"3.807";"0";"3.783";"24";"3.045";"762";"0";"3.807"
"2020/02";"130";"29/02/2020";"6";"SS 62 tra Parma e Collecchio";"0 - DA CONFINE REGIONALE TOSCANA A PARMA";"8.132";"0";"7.960";"172";"6.075";"2.057";"0";"8.132"
"2020/02";"130";"29/02/2020";"6";"SS 62 tra Parma e Collecchio";"1 - DA PARMA A CONFINE REGIONALE TOSCANA";"7.797";"0";"7.637";"160";"5.671";"2.126";"0";"7.797"
"2020/02";"131";"29/02/2020";"6";"SP 665R tra Parma e Corcagnano";"0 - DA PARMA A CONFINE REGIONALE TOSCANA";"8.018";"0";"7.871";"147";"6.001";"2.017";"0";"8.018"
"2020/02";"131";"29/02/2020";"6";"SP 665R tra Parma e Corcagnano";"1 - DA CONFINE REGIONALE TOSCANA A PARMA";"7.758";"0";"7.612";"146";"6.079";"1.679";"0";"7.758"
"2020/02";"132";"29/02/2020";"6";"SP 513R tra Parma e Pilastrello";"0 - DA PARMA A SAN POLO D'ENZA";"7.567";"0";"7.453";"114";"5.565";"2.002";"0";"7.567"
"2020/02";"132";"29/02/2020";"6";"SP 513R tra Parma e Pilastrello";"1 - DA SAN POLO D'ENZA A PARMA";"8.212";"0";"8.081";"131";"6.397";"1.815";"0";"8.212"
"2020/02";"134";"29/02/2020";"6";"SP 343R tra Parma e San Polo";"0 - DA PARMA A CONFINE REGIONALE LOMBARDIA";"7.076";"0";"6.759";"317";"5.076";"2.000";"0";"7.076"
"2020/02";"134";"29/02/2020";"6";"SP 343R tra Parma e San Polo";"1 - DA CONFINE REGIONALE LOMBARDIA A PARMA";"7.362";"0";"7.062";"300";"5.603";"1.759";"0";"7.362"
"2020/02";"135";"29/02/2020";"6";"SP 10 tra Parma (Tangenziale) e Viarolo";"1 - DA CONFINE PROVINCIALE PIACENZA A PARMA";"4.295";"0";"4.184";"111";"3.278";"1.017";"0";"4.295"
"2020/02";"138";"29/02/2020";"6";"SS 63 tra Reggio Emilia e Puianello";"0 - DA CONFINE REGIONALE TOSCANA A REGGIO EMILIA";"5.716";"0";"5.626";"90";"4.334";"1.382";"0";"5.716"
"2020/02";"138";"29/02/2020";"6";"SS 63 tra Reggio Emilia e Puianello";"1 - DA REGGIO EMILIA A CONFINE REGIONALE TOSCANA";"5.780";"1";"5.686";"93";"4.201";"1.579";"0";"5.780"
"2020/02";"139";"29/02/2020";"6";"SP 467R tra Fogliano e località Pratissolo (c/o Scandiano)";"0 - DA REGGIO EMILIA A SASSUOLO";"6.334";"0";"6.255";"79";"4.507";"1.827";"0";"6.334"
"2020/02";"139";"29/02/2020";"6";"SP 467R tra Fogliano e località Pratissolo (c/o Scandiano)";"1 - DA SASSUOLO A REGGIO EMILIA";"6.473";"0";"6.401";"72";"4.770";"1.703";"0";"6.473"
"2020/02";"140";"29/02/2020";"6";"SS 9 tra Masone e Rubiera";"0 - DA RIMINI A PIACENZA";"9.344";"0";"9.034";"310";"6.487";"2.857";"0";"9.344"
"2020/02";"140";"29/02/2020";"6";"SS 9 tra Masone e Rubiera";"1 - DA PIACENZA A RIMINI";"10.045";"1";"9.781";"263";"7.028";"3.017";"0";"10.045"
"2020/02";"143";"29/02/2020";"6";"SP 63R tra Sesso e Cadelbosco di Sopra (bivio SP 358R)";"0 - DA REGGIO EMILIA A GUALTIERI";"9.447";"0";"9.294";"153";"6.536";"2.911";"0";"9.447"
"2020/02";"143";"29/02/2020";"6";"SP 63R tra Sesso e Cadelbosco di Sopra (bivio SP 358R)";"1 - DA GUALTIERI A REGGIO EMILIA";"9.999";"0";"9.843";"156";"7.553";"2.446";"0";"9.999"
"2020/02";"146";"29/02/2020";"6";"SS 12 tra Montale e Modena";"0 - DA CONFINE REGIONALE TOSCANA A CONFINE REGIONALE LOMBARDIA";"7.850";"0";"7.666";"184";"5.796";"2.054";"0";"7.850"
"2020/02";"146";"29/02/2020";"6";"SS 12 tra Montale e Modena";"1 - DA CONFINE REGIONALE LOMBARDIA A CONFINE REGIONALE TOSCANA";"8.420";"2";"8.249";"169";"5.954";"2.466";"0";"8.420"
"2020/02";"147";"29/02/2020";"6";"SP 623 tra Modena Sud/casello A 1 e Spilamberto";"0 - DA MODENA A VIGNOLA";"6.081";"0";"5.856";"225";"4.233";"1.848";"0";"6.081"
"2020/02";"147";"29/02/2020";"6";"SP 623 tra Modena Sud/casello A 1 e Spilamberto";"1 - DA VIGNOLA A MODENA";"5.956";"0";"5.699";"257";"4.393";"1.563";"0";"5.956"
"2020/02";"149";"29/02/2020";"6";"SP 255 tra Modena e Navicello";"0 - DA MODENA A FERRARA";"11.938";"1";"11.617";"320";"8.387";"3.551";"0";"11.938"
"2020/02";"149";"29/02/2020";"6";"SP 255 tra Modena e Navicello";"1 - DA FERRARA A MODENA";"12.358";"1";"12.034";"323";"9.111";"3.247";"0";"12.358"
"2020/02";"150";"29/02/2020";"6";"SS 12 tra Modena e Bastiglia";"0 - DA CONFINE REGIONALE TOSCANA A CONFINE REGIONALE LOMBARDIA";"8.119";"0";"7.963";"156";"5.487";"2.632";"0";"8.119"
"2020/02";"150";"29/02/2020";"6";"SS 12 tra Modena e Bastiglia";"1 - DA CONFINE REGIONALE LOMBARDIA A CONFINE REGIONALE TOSCANA";"7.914";"0";"7.771";"143";"5.821";"2.093";"0";"7.914"
"2020/02";"151";"29/02/2020";"6";"SP 413 tra Modena e Ganaceto";"0 - DA CONFINE REGIONALE LOMBARDIA A MODENA";"8.609";"0";"8.462";"147";"6.268";"2.341";"0";"8.609"
"2020/02";"151";"29/02/2020";"6";"SP 413 tra Modena e Ganaceto";"1 - DA MODENA A CONFINE REGIONALE LOMBARDIA";"8.744";"0";"8.592";"152";"6.132";"2.612";"0";"8.744"
"2020/02";"152";"29/02/2020";"6";"SP 569 tra Innesto tangenziale Bologna e uscita Zola Predosa (Gesso/Rivabella)";"0 - DA BAZZANO A CASALECCHIO DI RENO";"16.233";"0";"15.978";"255";"11.740";"4.493";"0";"16.233"
"2020/02";"152";"29/02/2020";"6";"SP 569 tra Innesto tangenziale Bologna e uscita Zola Predosa (Gesso/Rivabella)";"1 - DA BAZZANO A CASALECCHIO DI RENO";"9.446";"0";"9.411";"35";"7.630";"1.816";"0";"9.446"
"2020/02";"152";"29/02/2020";"6";"SP 569 tra Innesto tangenziale Bologna e uscita Zola Predosa (Gesso/Rivabella)";"2 - DA CASALECCHIO DI RENO A BAZZANO";"15.797";"1";"15.542";"254";"11.381";"4.416";"0";"15.797"
"2020/02";"152";"29/02/2020";"6";"SP 569 tra Innesto tangenziale Bologna e uscita Zola Predosa (Gesso/Rivabella)";"3 - DA CASALECCHIO DI RENO A BAZZANO";"10.450";"0";"10.423";"27";"8.226";"2.224";"0";"10.450"
"2020/02";"153";"29/02/2020";"6";"Via Porrettana (ex SS 64) tra Bologna e Pontecchio Marconi";"0 - DA PORRETTA TERME A FERRARA";"4.918";"1";"4.857";"60";"3.875";"1.043";"0";"4.918"
"2020/02";"153";"29/02/2020";"6";"Via Porrettana (ex SS 64) tra Bologna e Pontecchio Marconi";"1 - DA FERRARA A PORRETTA TERME";"5.490";"0";"5.427";"63";"4.147";"1.343";"0";"5.490"
"2020/02";"154";"29/02/2020";"6";"Tra Rastignano e Pian di Macina (SP85 Fondo Valle Savena)";"0 - DA BIVIO LOIANO/MONZUNO A BOLOGNA";"5.561";"0";"5.518";"43";"4.264";"1.297";"0";"5.561"
"2020/02";"154";"29/02/2020";"6";"Tra Rastignano e Pian di Macina (SP85 Fondo Valle Savena)";"1 - DA BOLOGNA A BIVIO LOIANO/MONZUNO";"4.468";"1";"4.434";"33";"3.544";"924";"0";"4.468"
"2020/02";"155";"29/02/2020";"6";"Via Emilia tra San Lazzaro e Idice";"0 - DA RIMINI A PIACENZA";"7.093";"0";"6.974";"119";"5.346";"1.747";"0";"7.093"
"2020/02";"155";"29/02/2020";"6";"Via Emilia tra San Lazzaro e Idice";"1 - DA PIACENZA A RIMINI";"5.740";"0";"5.630";"110";"4.281";"1.459";"0";"5.740"
"2020/02";"157";"29/02/2020";"6";"Via San Donato (ex SP 5) tra Granarolo dell'Emilia e Quarto Inferiore";"0 - DA BOLOGNA A MOLINELLA";"5.030";"1";"4.958";"71";"3.764";"1.266";"0";"5.030"
"2020/02";"157";"29/02/2020";"6";"Via San Donato (ex SP 5) tra Granarolo dell'Emilia e Quarto Inferiore";"1 - DA MOLINELLA A BOLOGNA";"4.612";"0";"4.555";"57";"3.632";"980";"0";"4.612"
"2020/02";"158";"29/02/2020";"6";"SS 64 tra Bologna e Lovoleto";"0 - DA PORRETTA TERME A FERRARA";"3.925";"1";"3.845";"79";"2.767";"1.158";"0";"3.925"
"2020/02";"158";"29/02/2020";"6";"SS 64 tra Bologna e Lovoleto";"1 - DA FERRARA A PORRETTA TERME";"4.690";"0";"4.598";"92";"3.415";"1.275";"0";"4.690"
"2020/02";"160";"29/02/2020";"6";"SP 18 tra Bargellino e Calderara di Reno (c/o Variante SP18)";"1 - DA CASTEL D'ARGILE A CALDERARA DI RENO";"5.483";"1";"5.348";"134";"3.973";"1.510";"0";"5.483"
"2020/02";"170";"29/02/2020";"6";"SS 67 tra Rovere e Forlì";"0 - DA CONFINE REGIONALE TOSCANA A RAVENNA";"4.033";"0";"3.961";"72";"3.096";"937";"0";"4.033"
"2020/02";"170";"29/02/2020";"6";"SS 67 tra Rovere e Forlì";"1 - DA RAVENNA A CONFINE REGIONALE TOSCANA";"3.739";"0";"3.670";"69";"2.749";"990";"0";"3.739"
"2020/02";"171";"29/02/2020";"6";"SP 56 tra Forlì e bivio SS67 (Castrocaro Terme)";"0 - DA FORLI' A CASTROCARO TERME";"3.270";"0";"3.243";"27";"2.435";"835";"0";"3.270"
"2020/02";"171";"29/02/2020";"6";"SP 56 tra Forlì e bivio SS67 (Castrocaro Terme)";"1 - DA CASTROCARO TERME A FORLI'";"3.012";"1";"2.993";"18";"2.289";"723";"0";"3.012"
"2020/02";"173";"29/02/2020";"6";"SP 4 tra Ronco (SS9) e bivio SP 72 (Para)";"0 - DA CONFINE REGIONALE TOSCANA A FORLI'";"3.124";"0";"3.039";"85";"2.366";"758";"0";"3.124"
"2020/02";"173";"29/02/2020";"6";"SP 4 tra Ronco (SS9) e bivio SP 72 (Para)";"1 - DA FORLI' A CONFINE REGIONALE TOSCANA";"2.644";"0";"2.575";"69";"1.948";"696";"0";"2.644"
"2020/02";"174";"29/02/2020";"6";"SS 9 tra Ronco e Forlimpopoli";"0 - DA RIMINI A PIACENZA";"10.111";"0";"9.897";"214";"7.439";"2.672";"0";"10.111"
"2020/02";"174";"29/02/2020";"6";"SS 9 tra Ronco e Forlimpopoli";"1 - DA PIACENZA A RIMINI";"9.999";"1";"9.816";"182";"7.429";"2.570";"0";"9.999"
"2020/02";"176";"29/02/2020";"6";"SP 2 in località La Caserma al Confine Provinciale";"0 - DA FORLI' A CERVIA";"3.982";"0";"3.911";"71";"3.062";"920";"0";"3.982"
"2020/02";"176";"29/02/2020";"6";"SP 2 in località La Caserma al Confine Provinciale";"1 - DA CERVIA A FORLI'";"3.950";"0";"3.874";"76";"2.948";"1.002";"0";"3.950"
"2020/02";"177";"29/02/2020";"6";"NSA 313 - Prosecuzione tangenziale di Bologna complanare sud alla A 14 nel tratto San Lazzaro/Idice";"0 - DA BOLOGNA A OZZANO EMILIA";"8.876";"0";"8.706";"170";"6.184";"2.692";"0";"8.876"
"2020/02";"177";"29/02/2020";"6";"NSA 313 - Prosecuzione tangenziale di Bologna complanare sud alla A 14 nel tratto San Lazzaro/Idice";"1 - DA BOLOGNA A OZZANO EMILIA";"2.804";"0";"2.791";"13";"2.137";"667";"0";"2.804"
"2020/02";"182";"29/02/2020";"6";"SP 258R tra Rimini e A 14";"0 - DA CONFINE REGIONALE MARCHE A RIMINI";"6.900";"2";"6.796";"102";"5.176";"1.724";"0";"6.900"
"2020/02";"182";"29/02/2020";"6";"SP 258R tra Rimini e A 14";"1 - DA RIMINI A CONFINE REGIONALE MARCHE";"6.827";"1";"6.725";"101";"4.934";"1.893";"0";"6.827"
"2020/02";"184";"29/02/2020";"6";"SS 16 tra Riccione e Rimini";"0 - DA FERRARA A CONFINE REGIONALE MARCHE";"8.910";"0";"8.771";"139";"6.331";"2.579";"0";"8.910"
"2020/02";"184";"29/02/2020";"6";"SS 16 tra Riccione e Rimini";"1 - DA FERRARA A CONFINE REGIONALE MARCHE";"2.129";"0";"2.098";"31";"1.570";"559";"0";"2.129"
"2020/02";"184";"29/02/2020";"6";"SS 16 tra Riccione e Rimini";"2 - DA CONFINE REGIONALE MARCHE A  FERRARA";"9.812";"1";"9.675";"136";"7.005";"2.807";"0";"9.812"
"2020/02";"186";"29/02/2020";"6";"SS 16 tra Rimini e Igea Marina-Viserba";"0 - DA FERRARA A CONFINE REGIONALE MARCHE";"11.293";"0";"11.109";"184";"8.229";"3.064";"0";"11.293"
"2020/02";"186";"29/02/2020";"6";"SS 16 tra Rimini e Igea Marina-Viserba";"1 - DA CONFINE REGIONALE MARCHE A  FERRARA";"11.941";"0";"11.731";"210";"8.762";"3.179";"0";"11.941"
"2020/02";"188";"29/02/2020";"6";"SS 9 tra Rimini e Santa Giustina";"0 - DA RIMINI A PIACENZA";"8.906";"0";"8.716";"190";"6.390";"2.516";"0";"8.906"
"2020/02";"188";"29/02/2020";"6";"SS 9 tra Rimini e Santa Giustina";"1 - DA RIMINI A PIACENZA";"1.479";"0";"1.462";"17";"1.125";"354";"0";"1.479"
"2020/02";"188";"29/02/2020";"6";"SS 9 tra Rimini e Santa Giustina";"2 - DA PIACENZA A RIMINI";"7.451";"0";"7.278";"173";"5.480";"1.971";"0";"7.451"
"2020/02";"188";"29/02/2020";"6";"SS 9 tra Rimini e Santa Giustina";"3 - DA PIACENZA A RIMINI";"3.262";"0";"3.228";"34";"2.305";"957";"0";"3.262"
"2020/02";"218";"29/02/2020";"6";"SP 10 tra Polesine e Roccabianca su variante Zibello";"0 - DA PARMA A CONFINE PROVINCIALE PIACENZA";"747";"0";"689";"58";"569";"178";"0";"747"
"2020/02";"218";"29/02/2020";"6";"SP 10 tra Polesine e Roccabianca su variante Zibello";"1 - DA CONFINE PROVINCIALE PIACENZA A PARMA";"704";"0";"648";"56";"549";"155";"0";"704"
"2020/02";"219";"29/02/2020";"6";"SS 9 tra Fiorenzuola d'Arda e Pontenure";"0 - DA RIMINI A PIACENZA";"5.164";"4";"4.979";"181";"4.026";"1.138";"0";"5.164"
"2020/02";"219";"29/02/2020";"6";"SS 9 tra Fiorenzuola d'Arda e Pontenure";"1 - DA PIACENZA A RIMINI";"5.152";"1";"4.937";"214";"3.968";"1.184";"0";"5.152"
"2020/02";"220";"29/02/2020";"6";"SS 9 tra Fiorenzuola d'Arda e Fidenza al confine provinciale";"0 - DA RIMINI A PIACENZA";"5.226";"0";"5.048";"178";"3.932";"1.294";"0";"5.226"
"2020/02";"220";"29/02/2020";"6";"SS 9 tra Fiorenzuola d'Arda e Fidenza al confine provinciale";"1 - DA PIACENZA A RIMINI";"5.135";"0";"4.957";"178";"4.081";"1.054";"0";"5.135"
"2020/02";"221";"29/02/2020";"6";"SS 9 tra Fidenza e A 15";"0 - DA RIMINI A PIACENZA";"7.873";"0";"7.583";"290";"5.909";"1.964";"0";"7.873"
"2020/02";"221";"29/02/2020";"6";"SS 9 tra Fidenza e A 15";"1 - DA PIACENZA A RIMINI";"7.809";"0";"7.486";"323";"5.796";"2.013";"0";"7.809"
"2020/02";"222";"29/02/2020";"6";"SP 359R tra Fidenza e Salsomaggiore Terme";"0 - DA FIDENZA A BEDONIA";"6.339";"5";"6.224";"110";"4.420";"1.919";"0";"6.339"
"2020/02";"222";"29/02/2020";"6";"SP 359R tra Fidenza e Salsomaggiore Terme";"1 - DA BEDONIA A FIDENZA";"6.280";"1";"6.161";"118";"4.662";"1.618";"0";"6.280"
"2020/02";"223";"29/02/2020";"6";"SP 357R tra SS 9 e Noceto";"0 - DA BIVIO SS9 (NOCETO)  A FORNOVO DI TARO";"3.225";"0";"3.052";"173";"2.354";"871";"0";"3.225"
"2020/02";"223";"29/02/2020";"6";"SP 357R tra SS 9 e Noceto";"1 - DA FORNOVO DI TARO A BIVIO SS9 (NOCETO)";"3.857";"0";"3.697";"160";"2.913";"944";"0";"3.857"
"2020/02";"226";"29/02/2020";"6";"SP 32 dal bivio SP 16 (per Langhirano) al bivio SP 665R";"0 - DA FELINO A TRAVERSETOLO";"3.970";"0";"3.877";"93";"3.027";"943";"0";"3.970"
"2020/02";"226";"29/02/2020";"6";"SP 32 dal bivio SP 16 (per Langhirano) al bivio SP 665R";"1 - DA TRAVERSETOLO A FELINO";"4.098";"0";"4.003";"95";"3.144";"954";"0";"4.098"
"2020/02";"227";"29/02/2020";"6";"SP 34 da Colorno al bivio SP 60 (al confine provinciale)";"0 - DA MEZZANI AL CONFINE PROVINCIALE DI REGGIO EMILIA";"1.772";"0";"1.752";"20";"1.399";"373";"0";"1.772"
"2020/02";"227";"29/02/2020";"6";"SP 34 da Colorno al bivio SP 60 (al confine provinciale)";"1 - DA CONFINE PROVINCIALE DI REGGIO EMILIA A MEZZANI";"1.748";"1";"1.717";"30";"1.359";"389";"0";"1.748"
"2020/02";"228";"29/02/2020";"6";"SP 62R tra Brescello (bivio SP 41) e Sorbolo (bivio SP 20)";"0 - DA BRESCELLO A LUZZARA";"3.272";"3";"3.162";"107";"2.372";"900";"0";"3.272"
"2020/02";"228";"29/02/2020";"6";"SP 62R tra Brescello (bivio SP 41) e Sorbolo (bivio SP 20)";"1 - DA LUZZARA A BRESCELLO";"3.184";"2";"3.065";"117";"2.453";"731";"0";"3.184"
"2020/02";"229";"29/02/2020";"6";"SP 111 tra bivio SP 1 (a nord di Poviglio) e Boretto (innesto variante)";"1 - DA BORETTO A SS9 (CALERNO - SANT'ILARIO D'ENZA)";"3.995";"2";"3.822";"171";"3.026";"969";"0";"3.995"
"2020/02";"230";"29/02/2020";"6";"SP 62RVar Cispadana da Boretto (bivio Variante SP 358R) a Gualtieri (bivio SP 63R)";"1 - DA BORETTO A LUZZARA";"3.222";"0";"3.047";"175";"2.380";"842";"0";"3.222"
"2020/02";"236";"29/02/2020";"6";"SP 468 tra Casumaro e Reno Centese";"0 - DA REGGIO EMILIA A MIRABELLO";"2.029";"0";"1.975";"54";"1.580";"449";"0";"2.029"
"2020/02";"236";"29/02/2020";"6";"SP 468 tra Casumaro e Reno Centese";"1 - DA MIRABELLO A REGGIO EMILIA";"2.014";"0";"1.969";"45";"1.571";"443";"0";"2.014"
"2020/02";"237";"29/02/2020";"6";"SP 23 tra Quattro Castella e la Variante di Montecavolo (c/o bivio SP 21)";"0 - DA REGGIO EMILIA A QUATTRO CASTELLA";"5.959";"0";"5.874";"85";"4.433";"1.526";"0";"5.959"
"2020/02";"238";"29/02/2020";"6";"SP 37 fra Albinea e Scandiano (bivio SP 7)";"0 - DA ALBINEA A SCANDIANO";"4.332";"0";"4.258";"74";"3.225";"1.107";"0";"4.332"
"2020/02";"238";"29/02/2020";"6";"SP 37 fra Albinea e Scandiano (bivio SP 7)";"1 - DA SCANDIANO A ALBINEA";"4.462";"0";"4.382";"80";"3.295";"1.167";"0";"4.462"
"2020/02";"239";"29/02/2020";"6";"SP 486R fra Sassuolo e Castellarano";"0 - DA SASSUOLO A CONFINE REGIONALE TOSCANA";"8.902";"0";"8.640";"262";"6.606";"2.296";"0";"8.902"
"2020/02";"239";"29/02/2020";"6";"SP 486R fra Sassuolo e Castellarano";"1 - DA CONFINE REGIONALE TOSCANA A SASSUOLO";"8.969";"0";"8.699";"270";"6.887";"2.082";"0";"8.969"
"2020/02";"243";"29/02/2020";"6";"SP 27 tra Ponte Samoggia e Muffa";"0 - DA PONTE SAMOGGIA A CRESPELLANO";"3.010";"1";"2.940";"69";"2.332";"678";"0";"3.010"
"2020/02";"243";"29/02/2020";"6";"SP 27 tra Ponte Samoggia e Muffa";"1 - DA CRESPELLANO A PONTE SAMOGGIA";"2.851";"0";"2.793";"58";"2.116";"735";"0";"2.851"
"2020/02";"244";"29/02/2020";"6";"SP 569 tra Pragatto e innesto variante Ponte Ronca";"0 - DA BAZZANO A CASALECCHIO DI RENO";"4.980";"0";"4.906";"74";"3.965";"1.015";"0";"4.980"
"2020/02";"244";"29/02/2020";"6";"SP 569 tra Pragatto e innesto variante Ponte Ronca";"1 - DA CASALECCHIO DI RENO A BAZZANO";"4.241";"0";"4.158";"83";"3.287";"954";"0";"4.241"
"2020/02";"245";"29/02/2020";"6";"SP 569 da intersezione Pedemontana a Savignano sul Panaro";"0 - DA SASSUOLO A CASALECCHIO DI RENO";"3.080";"0";"3.026";"54";"2.343";"737";"0";"3.080"
"2020/02";"245";"29/02/2020";"6";"SP 569 da intersezione Pedemontana a Savignano sul Panaro";"1 - DA CASALECCHIO DI RENO A SASSUOLO";"2.976";"0";"2.925";"51";"2.291";"685";"0";"2.976"
"2020/02";"246";"29/02/2020";"6";"SP 255 da Decima a San Giovanni in Persiceto";"0 - DA MODENA A FERRARA";"4.903";"0";"4.825";"78";"3.507";"1.396";"0";"4.903"
"2020/02";"246";"29/02/2020";"6";"SP 255 da Decima a San Giovanni in Persiceto";"1 - DA FERRARA A MODENA";"4.894";"0";"4.811";"83";"3.508";"1.386";"0";"4.894"
"2020/02";"247";"29/02/2020";"6";"SP 255 fra Nonantola e Sant'Agata Bolognese";"0 - DA MODENA A FERRARA";"2.760";"0";"2.642";"118";"2.000";"760";"0";"2.760"
"2020/02";"247";"29/02/2020";"6";"SP 255 fra Nonantola e Sant'Agata Bolognese";"1 - DA FERRARA A MODENA";"2.788";"0";"2.662";"126";"1.981";"807";"0";"2.788"
"2020/02";"251";"29/02/2020";"6";"SP 610 tra Imola e Casalfiumanese in località Ca' Miseria";"0 - DA INNESTO SS16 (SAN BIAGIO - ARGENTA) A CONFINE REGIONALE TOSCANA";"5.758";"0";"5.676";"82";"4.275";"1.483";"0";"5.758"
"2020/02";"251";"29/02/2020";"6";"SP 610 tra Imola e Casalfiumanese in località Ca' Miseria";"1 - DA CONFINE REGIONALE TOSCANA A INNESTO SS16 (SAN BIAGIO - ARGENTA)";"5.495";"0";"5.413";"82";"4.229";"1.266";"0";"5.495"
"2020/02";"252";"29/02/2020";"6";"SP 3_2 tra Budrio e bivio SP 29 per Medicina";"0 - DA GRANAROLO DELL'EMILIA A MEDICINA";"3.184";"1";"3.121";"62";"2.455";"729";"0";"3.184"
"2020/02";"252";"29/02/2020";"6";"SP 3_2 tra Budrio e bivio SP 29 per Medicina";"1 - DA MEDICINA A GRANAROLO DELL'EMILIA";"3.224";"0";"3.157";"67";"2.373";"851";"0";"3.224"
"2020/02";"255";"29/02/2020";"6";"SS 9 tra Castel San Pietro e Imola";"0 - DA RIMINI A PIACENZA";"8.025";"1";"7.920";"104";"6.090";"1.935";"0";"8.025"
"2020/02";"255";"29/02/2020";"6";"SS 9 tra Castel San Pietro e Imola";"1 - DA PIACENZA A RIMINI";"7.746";"1";"7.632";"113";"5.883";"1.863";"0";"7.746"
"2020/02";"256";"29/02/2020";"6";"SP 302R tra Faenza (bivio SP 66) e Brisighella";"0 - DA CONFINE REGIONALE TOSCANA A FAENZA";"4.015";"0";"3.969";"46";"3.116";"899";"0";"4.015"
"2020/02";"256";"29/02/2020";"6";"SP 302R tra Faenza (bivio SP 66) e Brisighella";"1 - DA FAENZA A CONFINE REGIONALE TOSCANA";"4.065";"0";"4.027";"38";"3.076";"989";"0";"4.065"
"2020/02";"257";"29/02/2020";"6";"SP 302R tra Faenza e il bivio SP 4 (a sud di Russi)";"0 - DA FAENZA A RUSSI";"2.417";"0";"2.387";"30";"1.755";"662";"0";"2.417"
"2020/02";"257";"29/02/2020";"6";"SP 302R tra Faenza e il bivio SP 4 (a sud di Russi)";"1 - DA RUSSI A FAENZA";"2.531";"0";"2.492";"39";"1.915";"616";"0";"2.531"
"2020/02";"258";"29/02/2020";"6";"SS 9 tra Forlimpopoli e Cesena";"0 - DA RIMINI A PIACENZA";"9.295";"0";"8.902";"393";"6.689";"2.606";"0";"9.295"
"2020/02";"258";"29/02/2020";"6";"SS 9 tra Forlimpopoli e Cesena";"1 - DA PIACENZA A RIMINI";"9.631";"0";"9.260";"371";"7.129";"2.502";"0";"9.631"
"2020/02";"259";"29/02/2020";"6";"SP 7 in località Calabrina al Confine Provinciale";"0 - DA CESENA A CERVIA";"4.169";"0";"4.123";"46";"3.071";"1.098";"0";"4.169"
"2020/02";"259";"29/02/2020";"6";"SP 7 in località Calabrina al Confine Provinciale";"1 - DA CERVIA A CESENA";"4.687";"0";"4.636";"51";"3.525";"1.162";"0";"4.687"
"2020/02";"260";"29/02/2020";"6";"SP 8 tra Cesena e A 14";"0 - DA CESENATICO A CESENA";"4.880";"1";"4.831";"48";"3.658";"1.222";"0";"4.880"
"2020/02";"260";"29/02/2020";"6";"SP 8 tra Cesena e A 14";"1 - DA CESENA A CESENATICO";"4.918";"0";"4.855";"63";"3.615";"1.303";"0";"4.918"
"2020/02";"261";"29/02/2020";"6";"SS 9 tra Cesena e Savignano sul Rubicone";"0 - DA RIMINI A PIACENZA";"9.763";"0";"9.415";"348";"7.015";"2.748";"0";"9.763"
"2020/02";"261";"29/02/2020";"6";"SS 9 tra Cesena e Savignano sul Rubicone";"1 - DA PIACENZA A RIMINI";"10.317";"0";"9.955";"362";"7.400";"2.917";"0";"10.317"
"2020/02";"262";"29/02/2020";"6";"SS 9 tra Savignano sul Rubicone e Santarcangelo di Romagna";"0 - DA RIMINI A PIACENZA";"7.039";"0";"6.863";"176";"5.042";"1.997";"0";"7.039"
"2020/02";"262";"29/02/2020";"6";"SS 9 tra Savignano sul Rubicone e Santarcangelo di Romagna";"1 - DA PIACENZA A RIMINI";"7.401";"0";"7.227";"174";"5.424";"1.977";"0";"7.401"
"2020/02";"263";"29/02/2020";"6";"Via Adriatica (ex SS 16) tra Riccione e Misano Adriatico";"0 - DA FERRARA A CONFINE REGIONALE MARCHE";"6.893";"0";"6.825";"68";"4.978";"1.915";"0";"6.893"
"2020/02";"263";"29/02/2020";"6";"Via Adriatica (ex SS 16) tra Riccione e Misano Adriatico";"1 - DA CONFINE REGIONALE MARCHE A  FERRARA";"7.402";"0";"7.337";"65";"5.460";"1.942";"0";"7.402"
"2020/02";"269";"29/02/2020";"6";"SS 12 a Medolla";"0 - DA CONFINE REGIONALE TOSCANA A CONFINE REGIONALE LOMBARDIA";"6.361";"0";"6.235";"126";"4.568";"1.793";"0";"6.361"
"2020/02";"274";"29/02/2020";"6";"SS 64 ai confini provinciali di Bologna e Ferrara";"0 - DA PORRETTA TERME A FERRARA";"3.291";"0";"3.183";"108";"2.581";"710";"0";"3.291"
"2020/02";"274";"29/02/2020";"6";"SS 64 ai confini provinciali di Bologna e Ferrara";"1 - DA FERRARA A PORRETTA TERME";"3.169";"0";"3.082";"87";"2.424";"745";"0";"3.169"
"2020/02";"275";"29/02/2020";"6";"SP 5 dall'intersezione SP 3 a intersezione per Ca' de Fabbri";"0 - DA BOLOGNA A MOLINELLA";"3.952";"0";"3.875";"77";"2.894";"1.058";"0";"3.952"
"2020/02";"275";"29/02/2020";"6";"SP 5 dall'intersezione SP 3 a intersezione per Ca' de Fabbri";"1 - DA MOLINELLA A BOLOGNA";"3.929";"1";"3.850";"78";"3.022";"907";"0";"3.929"
"2020/02";"276";"29/02/2020";"6";"SP 3_2 tra intersezione SP 5 e ponte torrente Idice";"0 - DA GRANAROLO DELL'EMILIA A MEDICINA";"3.380";"0";"3.303";"77";"2.510";"870";"0";"3.380"
"2020/02";"276";"29/02/2020";"6";"SP 3_2 tra intersezione SP 5 e ponte torrente Idice";"1 - DA MEDICINA A GRANAROLO DELL'EMILIA";"3.710";"0";"3.620";"90";"2.709";"1.001";"0";"3.710"
"2020/02";"277";"29/02/2020";"6";"SP 6 tra Budrio e San Martino in Argine";"0 - DA BUDRIO A MOLINELLA";"2.689";"0";"2.619";"70";"1.951";"738";"0";"2.689"
"2020/02";"277";"29/02/2020";"6";"SP 6 tra Budrio e San Martino in Argine";"1 - DA MOLINELLA A BUDRIO";"2.638";"0";"2.579";"59";"2.017";"621";"0";"2.638"
"2020/02";"278";"29/02/2020";"6";"SP 6 tra Budrio e bivio SP 253";"0 - DA BUDRIO A MOLINELLA";"4.952";"0";"4.864";"88";"3.658";"1.294";"0";"4.952"
"2020/02";"278";"29/02/2020";"6";"SP 6 tra Budrio e bivio SP 253";"1 - DA MOLINELLA A BUDRIO";"5.059";"0";"4.969";"90";"3.891";"1.168";"0";"5.059"
"2020/02";"279";"29/02/2020";"6";"SP 31 dal bivio SP 28 per Castenaso a Ponte Rizzoli";"0 - DA SAN LAZZARO DI SAVENA A CASTEL GUELFO DI BOLOGNA";"2.293";"0";"2.240";"53";"1.844";"449";"0";"2.293"
"2020/02";"279";"29/02/2020";"6";"SP 31 dal bivio SP 28 per Castenaso a Ponte Rizzoli";"1 - DA CASTEL GUELFO DI BOLOGNA A SAN LAZZARO DI SAVENA";"6.509";"0";"6.412";"97";"5.015";"1.494";"0";"6.509"
"2020/02";"281";"29/02/2020";"6";"SP 78_1 tra Bazzano e Intersezione SP 27 a Monteveglio";"0 - DA MONTEVEGLIO A BAZZANO";"2.989";"1";"2.951";"37";"2.337";"652";"0";"2.989"
"2020/02";"281";"29/02/2020";"6";"SP 78_1 tra Bazzano e Intersezione SP 27 a Monteveglio";"1 - DA BAZZANO A MONTEVEGLIO";"2.795";"0";"2.754";"41";"2.079";"716";"0";"2.795"
"2020/02";"282";"29/02/2020";"6";"SS 9 tra Anzola dell'Emilia e Bologna";"0 - DA RIMINI A PIACENZA";"7.418";"0";"7.191";"227";"5.069";"2.349";"0";"7.418"
"2020/02";"282";"29/02/2020";"6";"SS 9 tra Anzola dell'Emilia e Bologna";"1 - DA PIACENZA A RIMINI";"6.751";"0";"6.505";"246";"4.934";"1.817";"0";"6.751"
"2020/02";"285";"29/02/2020";"6";"SP 1 fra Crevalcore e Decima";"0 - DA SAN MATTEO DELLA DECIMA A CREVALCORE";"2.289";"0";"2.240";"49";"1.610";"679";"0";"2.289"
"2020/02";"285";"29/02/2020";"6";"SP 1 fra Crevalcore e Decima";"1 - DA CREVALCORE A SAN MATTEO DELLA DECIMA";"2.319";"0";"2.262";"57";"1.722";"597";"0";"2.319"
"2020/02";"287";"29/02/2020";"6";"SP 6 fra Cento e Pilastrello";"0 - DA CENTO A PILASTRELLO (FINALE EMILIA)";"3.154";"0";"3.114";"40";"2.257";"897";"0";"3.154"
"2020/02";"287";"29/02/2020";"6";"SP 6 fra Cento e Pilastrello";"1 - DA PILASTRELLO (FINALE EMILIA) A CENTO";"3.313";"0";"3.273";"40";"2.521";"792";"0";"3.313"
"2020/02";"288";"29/02/2020";"6";"SP 42 fra Pieve di Cento e Castello d'Argile";"0 - DA SAN GIORGIO DI PIANO A PIEVE DI CENTO";"6.424";"0";"6.313";"111";"4.705";"1.719";"0";"6.424"
"2020/02";"288";"29/02/2020";"6";"SP 42 fra Pieve di Cento e Castello d'Argile";"1 - DA PIEVE DI CENTO A SAN GIORGIO DI PIANO";"6.254";"0";"6.148";"106";"4.538";"1.716";"0";"6.254"
"2020/02";"289";"29/02/2020";"6";"SP 66 fra Cento e Sant'Agostino";"0 - DA MODENA A FERRARA";"5.492";"0";"5.381";"111";"4.059";"1.433";"0";"5.492"
"2020/02";"289";"29/02/2020";"6";"SP 66 fra Cento e Sant'Agostino";"1 - DA FERRARA A MODENA";"5.214";"0";"5.096";"118";"3.936";"1.278";"0";"5.214"
"2020/02";"290";"29/02/2020";"6";"SP 11 fra Pieve di Cento e San Pietro in Casale";"0 - DA SAN PIETRO IN CASALE A PIEVE DI CENTO";"1.996";"0";"1.948";"48";"1.474";"522";"0";"1.996"
"2020/02";"290";"29/02/2020";"6";"SP 11 fra Pieve di Cento e San Pietro in Casale";"1 - DA PIEVE DI CENTO A SAN PIETRO IN CASALE";"2.085";"0";"2.032";"53";"1.533";"552";"0";"2.085"
"2020/02";"291";"29/02/2020";"6";"SP 4 tra San Pietro in Casale e San Vincenzo/San Venanzio";"0 - DA BOLOGNA A GALLIERA";"3.963";"0";"3.911";"52";"2.977";"986";"0";"3.963"
"2020/02";"291";"29/02/2020";"6";"SP 4 tra San Pietro in Casale e San Vincenzo/San Venanzio";"1 - DA GALLIERA A BOLOGNA";"3.977";"0";"3.919";"58";"2.994";"983";"0";"3.977"
"2020/02";"292";"29/02/2020";"6";"SP 4 tra San Giorgio di Piano e Intersezione SP 11 c/o San Pietro in Casale";"0 - DA BOLOGNA A GALLIERA";"6.434";"0";"6.344";"90";"4.713";"1.721";"0";"6.434"
"2020/02";"292";"29/02/2020";"6";"SP 4 tra San Giorgio di Piano e Intersezione SP 11 c/o San Pietro in Casale";"1 - DA GALLIERA A BOLOGNA";"6.963";"0";"6.864";"99";"5.275";"1.688";"0";"6.963"
"2020/02";"294";"29/02/2020";"6";"SP 111 sulla variante Asse Val'Enza (dal bivio per Nocetolo al bivio per Castelnovo di Sotto)";"0 - DA SS9 (CALERNO - SANT'ILARIO D'ENZA) A BORETTO";"2.545";"0";"2.403";"142";"1.911";"634";"0";"2.545"
"2020/02";"294";"29/02/2020";"6";"SP 111 sulla variante Asse Val'Enza (dal bivio per Nocetolo al bivio per Castelnovo di Sotto)";"1 - DA BORETTO A SS9 (CALERNO - SANT'ILARIO D'ENZA)";"2.365";"0";"2.214";"151";"1.780";"585";"0";"2.365"
"2020/02";"295";"29/02/2020";"6";"SP 9 fra Colorno e Torrile centro abitato di Bezze";"0 - DA PARMA A COLORNO";"1.517";"0";"1.418";"99";"1.141";"376";"0";"1.517"
"2020/02";"295";"29/02/2020";"6";"SP 9 fra Colorno e Torrile centro abitato di Bezze";"1 - DA COLORNO A PARMA";"1.437";"0";"1.349";"88";"1.114";"323";"0";"1.437"
"2020/02";"298";"29/02/2020";"6";"SP 588R da Castione Marchesi (A 1) a Busseto";"0 - DA CASTELVETRO PIACENTINO A FIDENZA";"857";"0";"829";"28";"682";"175";"0";"857"
"2020/02";"298";"29/02/2020";"6";"SP 588R da Castione Marchesi (A 1) a Busseto";"1 - DA FIDENZA A CASTELVETRO PIACENTINO";"1.030";"0";"1.000";"30";"718";"312";"0";"1.030"
"2020/02";"300";"29/02/2020";"6";"SP 462R fra Fiorenzuola d'Arda e Cortemaggiore";"0 - DA CASTELVETRO PIACENTINO A FIORENZUOLA D'ARDA";"2.655";"0";"2.525";"130";"2.076";"579";"0";"2.655"
"2020/02";"300";"29/02/2020";"6";"SP 462R fra Fiorenzuola d'Arda e Cortemaggiore";"1 - DA FIORENZUOLA D'ARDA A CASTELVETRO PIACENTINO";"2.525";"0";"2.392";"133";"1.928";"597";"0";"2.525"
"2020/02";"302";"29/02/2020";"6";"SP 12 da Fidenza (Casello A 1) a Soragna";"1 - DA SORAGNA A FIDENZA";"2.857";"0";"2.758";"99";"2.266";"591";"0";"2.857"
"2020/02";"303";"29/02/2020";"6";"SP 11 fra Borgonovo e Gragnano";"0 - DA BORGONOVO VAL TIDONE A TG SUD/OVEST PIACENZA";"3.187";"0";"3.104";"83";"2.478";"709";"0";"3.187"
"2020/02";"303";"29/02/2020";"6";"SP 11 fra Borgonovo e Gragnano";"1 - DA TG SUD/OVEST PIACENZA A BORGONOVO VAL TIDONE";"3.238";"0";"3.157";"81";"2.542";"696";"0";"3.238"
"2020/02";"304";"29/02/2020";"6";"SP 42 fra Podenzano e bivio SP 6/ponte fiume Nure in località San Giorgio Piacentino";"0 - DA SAN GIORGIO PIACENTINO A BIVIO SS45 (PODENZANO)";"2.253";"0";"2.198";"55";"1.723";"530";"0";"2.253"
"2020/02";"304";"29/02/2020";"6";"SP 42 fra Podenzano e bivio SP 6/ponte fiume Nure in località San Giorgio Piacentino";"1 - DA BIVIO SS45 (PODENZANO) A SAN GIORGIO PIACENTINO";"2.306";"0";"2.246";"60";"1.785";"521";"0";"2.306"
"2020/02";"305";"29/02/2020";"6";"SP 6Bis fra Carpaneto e Castell'Arquato";"0 - DA CARPANETO  A CASTELL'ARQUATO";"1.760";"0";"1.700";"60";"1.356";"404";"0";"1.760"
"2020/02";"305";"29/02/2020";"6";"SP 6Bis fra Carpaneto e Castell'Arquato";"1 - DA CASTELL'ARQUATO A CARPANETO";"1.812";"0";"1.752";"60";"1.396";"416";"0";"1.812"
"2020/02";"306";"29/02/2020";"6";"SP 654R fra Ponte dell'Olio e Bettola";"0 - DA PIACENZA A CONFIINE PROVINCIALE PARMA";"2.244";"0";"2.205";"39";"1.812";"432";"0";"2.244"
"2020/02";"306";"29/02/2020";"6";"SP 654R fra Ponte dell'Olio e Bettola";"1 - DA CONFINE PROVINCIALE PARMA A PIACENZA";"1.981";"1";"1.949";"31";"1.535";"446";"0";"1.981"
"2020/02";"307";"29/02/2020";"6";"SS 45 tra Rivergaro e Perino";"0 - DA CONFINE REGIONALE LIGURIA A PIACENZA";"2.227";"0";"2.187";"40";"1.832";"395";"0";"2.227"
"2020/02";"307";"29/02/2020";"6";"SS 45 tra Rivergaro e Perino";"1 - DA PIACENZA A CONFINE REGIONALE LIGURIA";"2.465";"0";"2.426";"39";"2.075";"390";"0";"2.465"
"2020/02";"308";"29/02/2020";"6";"SP 412R fra Pianello Val Tidone e Borgonovo Val Tidone";"0 - DA CASTEL SAN GIOVANNI A CAMINATA (CONFINE REGIONALE LOMBARDIA)";"3.000";"0";"2.937";"63";"2.323";"677";"0";"3.000"
"2020/02";"308";"29/02/2020";"6";"SP 412R fra Pianello Val Tidone e Borgonovo Val Tidone";"1 - DA CAMINATA (CONFINE REGIONALE LOMBARDIA) A CASTEL SAN GIOVANNI";"2.737";"1";"2.675";"61";"2.203";"534";"0";"2.737"
"2020/02";"309";"29/02/2020";"6";"SP 10R fra Castelvetro Piacentino e Monticelli d'Ongina";"0 - DA CASTEL SAN GIOVANNI A CASTELVETRO PIACENTINO";"4.126";"0";"4.035";"91";"3.306";"820";"0";"4.126"
"2020/02";"309";"29/02/2020";"6";"SP 10R fra Castelvetro Piacentino e Monticelli d'Ongina";"1 - DA CASTELVETRO PIACENTINO A CASTEL SAN GIOVANNI";"4.068";"0";"3.986";"82";"3.197";"871";"0";"4.068"
"2020/02";"311";"29/02/2020";"6";"SP 62RVar tra la località San Giacomo (bivio SP 42) ed SP 2 (c/o Tagliata)";"0 - DA LUZZARA A BORETTO";"3.175";"0";"2.971";"204";"2.405";"770";"0";"3.175"
"2020/02";"311";"29/02/2020";"6";"SP 62RVar tra la località San Giacomo (bivio SP 42) ed SP 2 (c/o Tagliata)";"1 - DA BORETTO A LUZZARA";"3.251";"0";"3.076";"175";"2.380";"871";"0";"3.251"
"2020/02";"312";"29/02/2020";"6";"SP 42 fra Novellara e San Giacomo (SP 62R)";"0 - DA NOVELLARA A GUASTALLA";"4.749";"0";"4.655";"94";"3.413";"1.336";"0";"4.749"
"2020/02";"312";"29/02/2020";"6";"SP 42 fra Novellara e San Giacomo (SP 62R)";"1 - DA GUASTALLA A NOVELLARA";"4.770";"0";"4.642";"128";"3.438";"1.332";"0";"4.770"
"2020/02";"314";"29/02/2020";"6";"SP 2 fra Reggiolo (bivio SP 2) e località Villarotta (SP 84)";"0 - DA TAGLIATA (GUASTALLA) A REGGIOLO";"3.326";"0";"3.256";"70";"2.391";"935";"0";"3.326"
"2020/02";"314";"29/02/2020";"6";"SP 2 fra Reggiolo (bivio SP 2) e località Villarotta (SP 84)";"1 - DA REGGIOLO A TAGLIATA (GUASTALLA)";"3.241";"0";"3.177";"64";"2.336";"905";"0";"3.241"
"2020/02";"318";"29/02/2020";"6";"SP 51 fra Sassuolo (bivio SP 467R) e Rubiera";"0 - DA RUBIERA A DINAZZANO (CASALGRANDE)";"2.968";"0";"2.767";"201";"2.089";"879";"0";"2.968"
"2020/02";"318";"29/02/2020";"6";"SP 51 fra Sassuolo (bivio SP 467R) e Rubiera";"1 - DA DINAZZANO (CASALGRANDE) A RUBIERA";"3.252";"0";"3.128";"124";"2.362";"890";"0";"3.252"
"2020/02";"319";"29/02/2020";"6";"SP 15 tra Sassuolo e Magreta";"0 - DA MARZAGLIA (MODENA) A SASSUOLO";"2.127";"0";"2.093";"34";"1.667";"460";"0";"2.127"
"2020/02";"321";"29/02/2020";"6";"SP 467 tra SP 486 e confine provinciale";"1 - DA REGGIO EMILIA A SASSUOLO";"4.991";"0";"4.958";"33";"3.717";"1.274";"0";"4.991"
"2020/02";"321";"29/02/2020";"6";"SP 467 tra SP 486 e confine provinciale";"2 - DA SASSUOLO A REGGIO EMILIA";"5.192";"0";"4.953";"239";"3.710";"1.482";"0";"5.192"
"2020/02";"323";"29/02/2020";"6";"SP 467 fra SP 3 e SS 12";"0 - DA REGGIO EMILIA A SASSUOLO";"7.996";"0";"7.695";"301";"5.888";"2.108";"0";"7.996"
"2020/02";"323";"29/02/2020";"6";"SP 467 fra SP 3 e SS 12";"1 - DA SASSUOLO A REGGIO EMILIA";"7.765";"0";"7.463";"302";"5.722";"2.043";"0";"7.765"
"2020/02";"328";"29/02/2020";"6";"SP 486 tra Modena e Baggiovara";"0 - DA MODENA A CONFINE REGIONALE TOSCANA";"9.319";"0";"9.230";"89";"6.761";"2.558";"0";"9.319"
"2020/02";"328";"29/02/2020";"6";"SP 486 tra Modena e Baggiovara";"1 - DA CONFINE REGIONALE TOSCANA A MODENA";"9.010";"1";"8.915";"94";"6.694";"2.316";"0";"9.010"
"2020/02";"331";"29/02/2020";"6";"SP 325 tra Casello A 1 (Sasso Marconi) e Vado";"0 - DA SASSO MARCONI A CONFINE REGIONALE TOSCANA";"2.895";"0";"2.849";"46";"2.180";"715";"0";"2.895"
"2020/02";"331";"29/02/2020";"6";"SP 325 tra Casello A 1 (Sasso Marconi) e Vado";"1 - DA CONFINE REGIONALE TOSCANA A SASSO MARCONI";"2.899";"0";"2.857";"42";"2.298";"601";"0";"2.899"
"2020/02";"332";"29/02/2020";"6";"SP 306R fra Castel Bolognese e Riolo Terme";"0 - DA CASTELBOLOGNESE A CONFINE REGIONALE TOSCANA";"3.581";"0";"3.506";"75";"2.647";"934";"0";"3.581"
"2020/02";"332";"29/02/2020";"6";"SP 306R fra Castel Bolognese e Riolo Terme";"1 - DA CONFINE REGIONALE TOSCANA A CASTELBOLOGNESE";"3.446";"0";"3.372";"74";"2.614";"832";"0";"3.446"
"2020/02";"333";"29/02/2020";"6";"SS 9 tra Castel Bolognese e Faenza";"0 - DA RIMINI A PIACENZA";"9.071";"0";"8.945";"126";"6.254";"2.817";"0";"9.071"
"2020/02";"333";"29/02/2020";"6";"SS 9 tra Castel Bolognese e Faenza";"1 - DA PIACENZA A RIMINI";"9.031";"1";"8.907";"123";"6.523";"2.508";"0";"9.031"
"2020/02";"334";"29/02/2020";"6";"SP 8 dal Casello A 1 (Faenza) a Cotignola";"0 - DA FAENZA A BAGNACAVALLO";"5.076";"0";"5.007";"69";"3.690";"1.386";"0";"5.076"
"2020/02";"334";"29/02/2020";"6";"SP 8 dal Casello A 1 (Faenza) a Cotignola";"1 - DA BAGNACAVALLO A FAENZA";"6.116";"0";"6.006";"110";"4.688";"1.428";"0";"6.116"
"2020/02";"336";"29/02/2020";"6";"SP 253R tra Lugo (ponte fiume Senio) e Bagnacavallo";"0 - DA BOLOGNA A RAVENNA";"4.669";"0";"4.579";"90";"3.527";"1.142";"0";"4.669"
"2020/02";"336";"29/02/2020";"6";"SP 253R tra Lugo (ponte fiume Senio) e Bagnacavallo";"1 - DA RAVENNA A BOLOGNA";"3.753";"1";"3.698";"54";"2.794";"959";"0";"3.753"
"2020/02";"337";"29/02/2020";"6";"SP 14 fra Lugo (bivio SSPP 41/46) e Fusignano";"0 - DA LUGO A FUSIGNANO";"4.439";"0";"4.367";"72";"3.332";"1.107";"0";"4.439"
"2020/02";"337";"29/02/2020";"6";"SP 14 fra Lugo (bivio SSPP 41/46) e Fusignano";"1 - DA FUSIGNANO A LUGO";"4.342";"0";"4.265";"77";"3.341";"1.001";"0";"4.342"
"2020/02";"339";"29/02/2020";"6";"SP 3 tra San Lorenzo in Noceto e Predappio";"0 - DA FORLI' A FIUMANA";"2.379";"0";"2.347";"32";"1.760";"619";"0";"2.379"
"2020/02";"339";"29/02/2020";"6";"SP 3 tra San Lorenzo in Noceto e Predappio";"1 - DA FIUMANA A FORLI'";"3.824";"0";"3.751";"73";"2.879";"945";"0";"3.824"
"2020/02";"340";"29/02/2020";"6";"SP 72 tra San Martino in Strada e bivio ex SS 310R (Meldola)";"0 - DA SAN MARTINO IN STRADA (FORLI') A PARA (C/O MELDOLA)";"4.219";"0";"4.129";"90";"3.173";"1.046";"0";"4.219"
"2020/02";"340";"29/02/2020";"6";"SP 72 tra San Martino in Strada e bivio ex SS 310R (Meldola)";"1 - DA PARA (C/O MELDOLA) A SAN MARTINO IN STRADA (FORLI')";"3.789";"0";"3.709";"80";"2.878";"911";"0";"3.789"
"2020/02";"342";"29/02/2020";"6";"SP 33 in località Gatteo";"0 - DA SAVIGNANO SUL RUBICONE A VILLALTA (CESENATICO)";"6.969";"0";"6.752";"217";"5.240";"1.729";"0";"6.969"
"2020/02";"342";"29/02/2020";"6";"SP 33 in località Gatteo";"1 - DA VILLALTA (CESENATICO) A SAVIGNANO SUL RUBICONE";"6.353";"0";"6.130";"223";"4.703";"1.650";"0";"6.353"
"2020/02";"343";"29/02/2020";"6";"SP 4 tra Galeata e Santa Sofia";"0 - DA CONFINE REGIONALE TOSCANA A FORLI'";"2.683";"0";"2.610";"73";"2.004";"679";"0";"2.683"
"2020/02";"343";"29/02/2020";"6";"SP 4 tra Galeata e Santa Sofia";"1 - DA FORLI' A CONFINE REGIONALE TOSCANA";"2.786";"1";"2.703";"82";"2.114";"672";"0";"2.786"
"2020/02";"344";"29/02/2020";"6";"SS 3Bis/E 45 tra Borello e Mercato Saraceno";"0 - DA CONFINE REGIONE TOSCANA A RAVENNA";"5.131";"0";"4.741";"390";"3.915";"1.216";"0";"5.131"
"2020/02";"344";"29/02/2020";"6";"SS 3Bis/E 45 tra Borello e Mercato Saraceno";"1 - DA CONFINE REGIONE TOSCANA A RAVENNA";"1.741";"1";"1.709";"31";"1.337";"404";"0";"1.741"
"2020/02";"344";"29/02/2020";"6";"SS 3Bis/E 45 tra Borello e Mercato Saraceno";"2 - DA RAVENNA A CONFINE REGIONE TOSCANA";"5.265";"2";"4.713";"550";"3.977";"1.288";"0";"5.265"
"2020/02";"344";"29/02/2020";"6";"SS 3Bis/E 45 tra Borello e Mercato Saraceno";"3 - DA RAVENNA A CONFINE REGIONE TOSCANA";"2.235";"1";"2.186";"48";"1.720";"515";"0";"2.235"
"2020/02";"348";"29/02/2020";"6";"SP 10 dal bivio con SP 89 (San Mauro Pascoli) c/o A 14  al bivio SS 16 (San Mauro Mare)";"0 - DA GATTEO A BELLARIA";"4.049";"2";"3.996";"51";"3.287";"762";"0";"4.049"
"2020/02";"349";"29/02/2020";"6";"SS 16 tra Cervia e Cesenatico";"0 - DA FERRARA A CONFINE REGIONALE MARCHE";"9.106";"0";"8.869";"237";"6.756";"2.350";"0";"9.106"
"2020/02";"349";"29/02/2020";"6";"SS 16 tra Cervia e Cesenatico";"1 - DA CONFINE REGIONALE MARCHE A  FERRARA";"9.509";"3";"9.288";"218";"6.733";"2.776";"0";"9.509"
"2020/02";"350";"29/02/2020";"6";"SP 41 tra Rimini (viadotto A 14) e bivio SP 49 (località Ospedaletto)";"0 - DA RIMINI A MONTESCUDO";"3.567";"0";"3.507";"60";"2.584";"983";"0";"3.567"
"2020/02";"350";"29/02/2020";"6";"SP 41 tra Rimini (viadotto A 14) e bivio SP 49 (località Ospedaletto)";"1 - DA MONTESCUDO A RIMINI";"3.825";"1";"3.761";"63";"2.982";"843";"0";"3.825"
"2020/02";"351";"29/02/2020";"6";"SS 72 tra Rimini e  San Marino";"2 - DA CONFINE REGIONALE SAN MARINO A RIMINI";"5.220";"0";"5.136";"84";"3.936";"1.284";"0";"5.220"
"2020/02";"351";"29/02/2020";"6";"SS 72 tra Rimini e  San Marino";"3 - DA CONFINE REGIONALE SAN MARINO A RIMINI";"3.546";"0";"3.537";"9";"2.750";"796";"0";"3.546"
"2020/02";"354";"29/02/2020";"6";"SP 31 tra Viadotto A 14 e Coriano";"0 - DA RIMINI A MONTE COLOMBO";"5.015";"0";"4.957";"58";"3.611";"1.404";"0";"5.015"
"2020/02";"354";"29/02/2020";"6";"SP 31 tra Viadotto A 14 e Coriano";"1 - DA MONTE COLOMBO A RIMINI";"4.970";"0";"4.904";"66";"3.868";"1.102";"0";"4.970"
"2020/02";"355";"29/02/2020";"6";"SP 17V tra San Giovanni in Marignano e Morciano di Romagna (variante)";"0 - DA CATTOLICA A MORCIANO DI ROMAGNA";"5.964";"0";"5.874";"90";"4.487";"1.477";"0";"5.964"
"2020/02";"355";"29/02/2020";"6";"SP 17V tra San Giovanni in Marignano e Morciano di Romagna (variante)";"1 - DA MORCIANO DI ROMAGNA A CATTOLICA";"5.434";"0";"5.373";"61";"4.259";"1.175";"0";"5.434"
"2020/02";"356";"29/02/2020";"6";"SP 2 fra Reggiolo c/o bivio variante nord e confine regionale";"0 - DA REGGIOLO A CONFINE PROVINCIALE LOMBARDIA";"2.763";"0";"2.676";"87";"2.002";"761";"0";"2.763"
"2020/02";"356";"29/02/2020";"6";"SP 2 fra Reggiolo c/o bivio variante nord e confine regionale";"1 - DA CONFINE PROVINCIALE LOMBARDIA A REGGIOLO";"2.727";"0";"2.655";"72";"1.959";"768";"0";"2.727"
"2020/02";"357";"29/02/2020";"6";"SP 306R fra Casola Valsenio e bivio SP 65 c/o località Isola";"0 - DA CASTELBOLOGNESE A CONFINE REGIONALE TOSCANA";"1.575";"0";"1.523";"52";"1.237";"338";"0";"1.575"
"2020/02";"357";"29/02/2020";"6";"SP 306R fra Casola Valsenio e bivio SP 65 c/o località Isola";"1 - DA CONFINE REGIONALE TOSCANA A CASTELBOLOGNESE";"1.524";"0";"1.472";"52";"1.187";"337";"0";"1.524"
"2020/02";"376";"29/02/2020";"6";"SP 68 tra Portomaggiore e la Superstrada Ferrara-Mare";"0 - DA BIVIO SS16 (CONSANDOLO - PORTOMAGGIORE) A CONFINE REGIONALE VENETO";"1.246";"0";"1.222";"24";"938";"308";"0";"1.246"
"2020/02";"376";"29/02/2020";"6";"SP 68 tra Portomaggiore e la Superstrada Ferrara-Mare";"1 - DA CONFINE REGIONALE VENETO A BIVIO SS16 (CONSANDOLO - PORTOMAGGIORE)";"1.268";"0";"1.231";"37";"952";"316";"0";"1.268"
"2020/02";"377";"29/02/2020";"6";"SP 18 tra Bondeno e il confine regionale (Lombardia)";"0 - DA BONDENO A CONFINE REGIONALE VENETO";"1.785";"0";"1.733";"52";"1.317";"468";"0";"1.785"
"2020/02";"377";"29/02/2020";"6";"SP 18 tra Bondeno e il confine regionale (Lombardia)";"1 - DA CONFINE REGIONALE VENETO A BONDENO";"1.767";"0";"1.714";"53";"1.322";"445";"0";"1.767"
"2020/02";"383";"29/02/2020";"6";"SS 722 Tangenziale nord di Reggio Emilia";"0 - DA RIMINI A PIACENZA";"6.320";"0";"5.979";"341";"4.407";"1.913";"0";"6.320"
"2020/02";"383";"29/02/2020";"6";"SS 722 Tangenziale nord di Reggio Emilia";"1 - DA RIMINI A PIACENZA";"3.438";"0";"3.401";"37";"2.727";"711";"0";"3.438"
"2020/02";"383";"29/02/2020";"6";"SS 722 Tangenziale nord di Reggio Emilia";"2 - DA PIACENZA A RIMINI";"7.154";"0";"6.835";"319";"4.972";"2.182";"0";"7.154"
"2020/02";"383";"29/02/2020";"6";"SS 722 Tangenziale nord di Reggio Emilia";"3 - DA PIACENZA A RIMINI";"2.406";"0";"2.386";"20";"1.872";"534";"0";"2.406"
"2020/02";"385";"29/02/2020";"6";"SP 10R fra Castel San Giovanni e Confine regionale (Lombardia)";"0 - DA CASTEL SAN GIOVANNI A CASTELVETRO PIACENTINO";"4.203";"0";"4.045";"158";"3.193";"1.010";"0";"4.203"
"2020/02";"385";"29/02/2020";"6";"SP 10R fra Castel San Giovanni e Confine regionale (Lombardia)";"1 - DA CASTELVETRO PIACENTINO A CASTEL SAN GIOVANNI";"4.284";"0";"4.149";"135";"3.234";"1.050";"0";"4.284"
"2020/02";"388";"29/02/2020";"6";"SP 31 fra bivio SP 12 in località Castelnuovo Fogliani e il confine provinciale";"0 - DA CASTELNUOVO FOGLIANI A CONFINE PROVINCIALE PARMA (SALSOMAGGIORE TERME)";"1.967";"0";"1.931";"36";"1.525";"442";"0";"1.967"
"2020/02";"388";"29/02/2020";"6";"SP 31 fra bivio SP 12 in località Castelnuovo Fogliani e il confine provinciale";"1 - DA CONFINE PROVINCIALE PARMA (SALSOMAGGIORE TERME) A CASTELNUOVO FOGLIANI";"1.992";"0";"1.960";"32";"1.549";"443";"0";"1.992"
"2020/02";"389";"29/02/2020";"6";"SP 588R fra Villanova d’Arda e confine provinciale";"0 - DA CASTELVETRO PIACENTINO A CONFINE PROVINCIALE PARMA (BUSSETO)";"1.300";"0";"1.233";"67";"1.015";"285";"0";"1.300"
"2020/02";"389";"29/02/2020";"6";"SP 588R fra Villanova d’Arda e confine provinciale";"1 - DA CONFINE PROVINCIALE PARMA (BUSSETO) A CASTELVETRO PIACENTINO";"1.305";"0";"1.236";"69";"985";"320";"0";"1.305"
"2020/02";"390";"29/02/2020";"6";"SP 462R dal bivio SP 10R in località Monticelli a Cortemaggiore";"0 - DA CASTELVETRO PIACENTINO A FIORENZUOLA D'ARDA";"1.017";"0";"987";"30";"802";"215";"0";"1.017"
"2020/02";"390";"29/02/2020";"6";"SP 462R dal bivio SP 10R in località Monticelli a Cortemaggiore";"1 - DA FIORENZUOLA D'ARDA A CASTELVETRO PIACENTINO";"1.064";"0";"1.023";"41";"840";"224";"0";"1.064"
"2020/02";"391";"29/02/2020";"6";"SP 10R fra Castelvetro Piacentino e confine regionale (Lombardia)";"0 - DA CASTEL SAN GIOVANNI A CASTELVETRO PIACENTINO";"7.298";"0";"7.186";"112";"5.542";"1.756";"0";"7.298"
"2020/02";"391";"29/02/2020";"6";"SP 10R fra Castelvetro Piacentino e confine regionale (Lombardia)";"1 - DA CASTELVETRO PIACENTINO A CASTEL SAN GIOVANNI";"7.237";"0";"7.113";"124";"5.547";"1.690";"0";"7.237"
"2020/02";"393";"29/02/2020";"6";"SP 10R fra Caorso e Roncaglia";"0 - DA CASTEL SAN GIOVANNI A CASTELVETRO PIACENTINO";"3.350";"0";"3.209";"141";"2.503";"847";"0";"3.350"
"2020/02";"393";"29/02/2020";"6";"SP 10R fra Caorso e Roncaglia";"1 - DA CASTELVETRO PIACENTINO A CASTEL SAN GIOVANNI";"3.418";"0";"3.279";"139";"2.557";"861";"0";"3.418"
"2020/02";"394";"29/02/2020";"6";"SP 523R da Roccamurata (bivio SP 308R) a Borgo Val di Taro";"0 - DA BERCETO A CONFINE PROVINCIALE LIGURIA";"1.629";"0";"1.564";"65";"1.313";"316";"0";"1.629"
"2020/02";"394";"29/02/2020";"6";"SP 523R da Roccamurata (bivio SP 308R) a Borgo Val di Taro";"1 - DA CONFINE PROVINCIALE LIGURIA A BERCETO";"1.493";"0";"1.439";"54";"1.169";"324";"0";"1.493"
"2020/02";"396";"29/02/2020";"6";"SP 28 fra Fornovo di Taro e Varano de Melegari centro abitato Viazzano";"0 - DA RAMIOLA (MEDESANO) A BARDI";"2.888";"0";"2.822";"66";"2.250";"638";"0";"2.888"
"2020/02";"396";"29/02/2020";"6";"SP 28 fra Fornovo di Taro e Varano de Melegari centro abitato Viazzano";"1 - DA BARDI A RAMIOLA (MEDESANO)";"2.634";"1";"2.566";"67";"2.119";"515";"0";"2.634"
"2020/02";"397";"29/02/2020";"6";"SP 12 fra casello A 1 e Fidenza";"0 - DA FIDENZA A SORAGNA";"5.692";"1";"5.426";"265";"4.424";"1.268";"0";"5.692"
"2020/02";"398";"29/02/2020";"6";"SP 11 tra Fontevivo e Cispadana (tangenziale)";"1 - DA BUSSETO A FONTEVIVO (CISPADANA)";"1.252";"1";"1.199";"52";"929";"323";"0";"1.252"
"2020/02";"399";"29/02/2020";"6";"SP 43 tra Trecasali (bivio SP 8) e Torrile";"0 - DA BIVIO SP8 (TRECASALI) A TORRILE";"1.187";"1";"1.099";"87";"881";"306";"0";"1.187"
"2020/02";"399";"29/02/2020";"6";"SP 43 tra Trecasali (bivio SP 8) e Torrile";"1 - DA TORRILE A BIVIO SP8 (TRECASALI)";"1.061";"1";"982";"78";"787";"274";"0";"1.061"
"2020/02";"400";"29/02/2020";"6";"SP 10 da San Secondo Parmense al bivio per Roccabianca centro abitato Pizzo";"0 - DA PARMA A CONFINE PROVINCIALE PIACENZA";"2.119";"1";"2.029";"89";"1.589";"530";"0";"2.119"
"2020/02";"400";"29/02/2020";"6";"SP 10 da San Secondo Parmense al bivio per Roccabianca centro abitato Pizzo";"1 - DA CONFINE PROVINCIALE PIACENZA A PARMA";"2.184";"0";"2.095";"89";"1.706";"478";"0";"2.184"
"2020/02";"401";"29/02/2020";"6";"SP 513R fra Traversetolo e confine provinciale";"0 - DA PARMA A SAN POLO D'ENZA";"2.806";"1";"2.749";"56";"2.196";"610";"0";"2.806"
"2020/02";"401";"29/02/2020";"6";"SP 513R fra Traversetolo e confine provinciale";"1 - DA SAN POLO D'ENZA A PARMA";"2.691";"1";"2.630";"60";"2.114";"577";"0";"2.691"
"2020/02";"402";"29/02/2020";"6";"SP 18 da Pilastrello (bivio SP 513R) al bivio per la Pedemontana";"0 - DA PILASTRELLO (PARMA) A CONFINE PROVINCIALE REGGIO EMILIA";"5.274";"0";"5.218";"56";"3.993";"1.281";"0";"5.274"
"2020/02";"402";"29/02/2020";"6";"SP 18 da Pilastrello (bivio SP 513R) al bivio per la Pedemontana";"1 - DA CONFINE PROVINCIALE REGGIO EMILIA A PILASTRELLO (PARMA)";"5.287";"0";"5.240";"47";"4.208";"1.079";"0";"5.287"
"2020/02";"403";"29/02/2020";"6";"SP 72 tra Parma e Mezzani";"0 - DA PARMA A MEZZANI";"2.206";"0";"2.162";"44";"1.649";"557";"0";"2.206"
"2020/02";"403";"29/02/2020";"6";"SP 72 tra Parma e Mezzani";"1 - DA MEZZANI A PARMA";"2.087";"0";"2.046";"41";"1.648";"439";"0";"2.087"
"2020/02";"404";"29/02/2020";"6";"exSP 32 (via Dante Alighieri) da Felino a Pilastro";"0 - DA FELINO A TRAVERSETOLO";"2.836";"0";"2.797";"39";"2.234";"602";"0";"2.836"
"2020/02";"404";"29/02/2020";"6";"exSP 32 (via Dante Alighieri) da Felino a Pilastro";"1 - DA TRAVERSETOLO A FELINO";"2.853";"1";"2.823";"29";"2.212";"641";"0";"2.853"
"2020/02";"405";"29/02/2020";"6";"SP 15 fra SS62 e Sala Baganza";"0 - DA BIVIO SS62 (COLLECCHIO) A BERCETO";"3.721";"0";"3.622";"99";"2.738";"983";"0";"3.721"
"2020/02";"405";"29/02/2020";"6";"SP 15 fra SS62 e Sala Baganza";"1 - DA BERCETO A BIVIO SS62 (COLLECCHIO)";"3.704";"0";"3.605";"99";"2.867";"837";"0";"3.704"
"2020/02";"410";"29/02/2020";"6";"SP 54 fra Pomposa e Codigoro";"0 - DA CODIGORO A BIVIO SS309 (POMPOSA - COMACCHIO)";"1.911";"0";"1.880";"31";"1.444";"467";"0";"1.911"
"2020/02";"410";"29/02/2020";"6";"SP 54 fra Pomposa e Codigoro";"1 - DA BIVIO SS309 (POMPOSA - COMACCHIO) A CODIGORO";"1.815";"0";"1.785";"30";"1.369";"446";"0";"1.815"
"2020/02";"411";"29/02/2020";"6";"SP 53 fra Codigoro e Marozzo";"0 - DA CODIGORO A LAGOSANTO";"1.936";"0";"1.910";"26";"1.477";"459";"0";"1.936"
"2020/02";"411";"29/02/2020";"6";"SP 53 fra Codigoro e Marozzo";"1 - DA LAGOSANTO A CODIGORO";"1.795";"0";"1.773";"22";"1.379";"416";"0";"1.795"
"2020/02";"425";"29/02/2020";"6";"SS 67 tra Dovadola e Rocca San Casciano";"0 - DA CONFINE REGIONALE TOSCANA A RAVENNA";"1.604";"0";"1.575";"29";"1.278";"326";"0";"1.604"
"2020/02";"425";"29/02/2020";"6";"SS 67 tra Dovadola e Rocca San Casciano";"1 - DA RAVENNA A CONFINE REGIONALE TOSCANA";"1.621";"0";"1.591";"30";"1.294";"327";"0";"1.621"
"2020/02";"426";"29/02/2020";"6";"SS 63 tra Casina e Vezzano sul Crostolo";"0 - DA CONFINE REGIONALE TOSCANA A REGGIO EMILIA";"6.617";"0";"6.503";"114";"5.090";"1.527";"0";"6.617"
"2020/02";"426";"29/02/2020";"6";"SS 63 tra Casina e Vezzano sul Crostolo";"1 - DA REGGIO EMILIA A CONFINE REGIONALE TOSCANA";"6.667";"0";"6.573";"94";"5.062";"1.605";"0";"6.667"
"2020/02";"428";"29/02/2020";"6";"SP 19 fra Colombaia (bivio SP 76) e il Bivio SP 486R al confine provinciale";"0 - DA BIVIO SP486R (CERREDOLO) A GATTA (VILLA MINOZZO)";"1.496";"0";"1.467";"29";"1.159";"337";"0";"1.496"
"2020/02";"428";"29/02/2020";"6";"SP 19 fra Colombaia (bivio SP 76) e il Bivio SP 486R al confine provinciale";"1 - DA GATTA (VILLA MINOZZO) A BIVIO SP486R (CERREDOLO)";"1.565";"0";"1.535";"30";"1.228";"337";"0";"1.565"
"2020/02";"431";"29/02/2020";"6";"SP 12 fra Sant'Ilario d'Enza (variante a sud) e Montecchio Emilia";"0 - DA SANT'ILARIO D'ENZA A SAN POLO D'ENZA";"2.556";"0";"2.525";"31";"1.953";"603";"0";"2.556"
"2020/02";"431";"29/02/2020";"6";"SP 12 fra Sant'Ilario d'Enza (variante a sud) e Montecchio Emilia";"1 - DA SAN POLO D'ENZA A SANT'ILARIO D'ENZA";"2.469";"0";"2.443";"26";"1.947";"522";"0";"2.469"
"2020/02";"432";"29/02/2020";"6";"SP 67 fra Calerno e Montecchio Emilia";"0 - DA BIVIO SS9 (CALERNO) A MONTECCHIO EMILIA";"3.030";"0";"2.920";"110";"2.266";"764";"0";"3.030"
"2020/02";"432";"29/02/2020";"6";"SP 67 fra Calerno e Montecchio Emilia";"1 - DA MONTECCHIO EMILIA A BIVIO SS9 (CALERNO)";"3.085";"0";"2.975";"110";"2.352";"733";"0";"3.085"
"2020/02";"434";"29/02/2020";"6";"Via San Nicola (ex SP 39) tra bivio per Taneto a Caprara";"0 - DA SANT'ILARIO D'ENZA A CAMPEGINE";"1.336";"0";"1.326";"10";"1.002";"334";"0";"1.336"
"2020/02";"434";"29/02/2020";"6";"Via San Nicola (ex SP 39) tra bivio per Taneto a Caprara";"1 - DA CAMPEGINE A SANT'ILARIO D'ENZA";"1.259";"0";"1.244";"15";"977";"282";"0";"1.259"
"2020/02";"435";"29/02/2020";"6";"SP 37Bis dalla località Selbagnone al bivio SP 72 (Meldola)";"0 - DA FORLIMPOPOLI A MELDOLA";"2.956";"0";"2.877";"79";"2.244";"712";"0";"2.956"
"2020/02";"435";"29/02/2020";"6";"SP 37Bis dalla località Selbagnone al bivio SP 72 (Meldola)";"1 - DA MELDOLA A FORLIMPOPOLI";"3.107";"1";"3.018";"88";"2.375";"732";"0";"3.107"
"2020/02";"436";"29/02/2020";"6";"SP 26 da Santa Sofia a San Piero in Bagno";"0 - DA SANTA SOFIA A SAN PIERO IN BAGNO";"423";"0";"415";"8";"321";"102";"0";"423"
"2020/02";"436";"29/02/2020";"6";"SP 26 da Santa Sofia a San Piero in Bagno";"1 - DA SAN PIERO IN BAGNO A SANTA SOFIA";"438";"0";"430";"8";"322";"116";"0";"438"
"2020/02";"437";"29/02/2020";"6";"SP 13 tra SS 9 (Santarcangelo di Romagna) e SP 92 (località Camerano)";"0 - DA SANT'ARCANGELO DI ROMAGNA A CONFINE PROVINCIALE FORLI'-CESENA";"2.479";"0";"2.406";"73";"1.833";"646";"0";"2.479"
"2020/02";"437";"29/02/2020";"6";"SP 13 tra SS 9 (Santarcangelo di Romagna) e SP 92 (località Camerano)";"1 - DA CONFINE PROVINCIALE FORLI'-CESENA A SANT'ARCANGELO DI ROMAGNA";"2.581";"0";"2.513";"68";"1.986";"595";"0";"2.581"
"2020/02";"438";"29/02/2020";"6";"SP 14 tra Colombare (bivio SP 14Ter) e bivio SP 258R";"0 - DA SANT'ARCANGELO DI ROMAGNA A VERRUCCHIO";"2.839";"0";"2.820";"19";"2.179";"660";"0";"2.839"
"2020/02";"438";"29/02/2020";"6";"SP 14 tra Colombare (bivio SP 14Ter) e bivio SP 258R";"1 - DA VERRUCCHIO A SANT'ARCANGELO DI ROMAGNA";"2.896";"0";"2.887";"9";"2.238";"658";"0";"2.896"
"2020/02";"439";"29/02/2020";"6";"SP 49 da Santarcangelo di Romagna alla località Posta (bivio SP 258R)";"0 - DA SANT'ARCANGELO DI ROMAGNA A SP258R";"4.907";"0";"4.780";"127";"3.576";"1.331";"0";"4.907"
"2020/02";"439";"29/02/2020";"6";"SP 49 da Santarcangelo di Romagna alla località Posta (bivio SP 258R)";"1 - DA SP258R A SANT'ARCANGELO DI ROMAGNA";"4.980";"0";"4.850";"130";"3.772";"1.208";"0";"4.980"
"2020/02";"440";"29/02/2020";"6";"SP 35 tra bivio SP 50 (località Cella) e Sant'Andrea in Casale";"0 - DA RICCIONE A MORCIANO DI ROMAGNA";"5.138";"1";"5.075";"62";"3.794";"1.344";"0";"5.138"
"2020/02";"441";"29/02/2020";"6";"SP 58 tra San Giovanni in Marignano e il confine regionale (Marche)";"0 - DA SAN GIOVANNI IN MARIGNANO A CONFINE REGIONALE MARCHE";"3.386";"0";"3.333";"53";"2.492";"894";"0";"3.386"
"2020/02";"441";"29/02/2020";"6";"SP 58 tra San Giovanni in Marignano e il confine regionale (Marche)";"1 - DA CONFINE REGIONALE MARCHE  A SAN GIOVANNI IN MARIGNANO";"3.468";"0";"3.400";"68";"2.760";"708";"0";"3.468"
"2020/02";"442";"29/02/2020";"6";"SP 118 tra Casemurate (bivio SP 254R) e il confine provinciale";"0 - DA RAVENNA A CONFINE PROVINCIALE FORLI'-CESENA";"2.084";"1";"2.004";"79";"1.583";"501";"0";"2.084"
"2020/02";"442";"29/02/2020";"6";"SP 118 tra Casemurate (bivio SP 254R) e il confine provinciale";"1 - DA CONFINE PROVINCIALE FORLI'-CESENA A RAVENNA";"1.489";"0";"1.435";"54";"1.107";"382";"0";"1.489"
"2020/02";"444";"29/02/2020";"6";"SP 5 fra Russi e San Pancrazio";"1 - DA GHIBULLO (BIVIO SS67) A RUSSI";"2.382";"0";"2.362";"20";"1.835";"547";"0";"2.382"
"2020/02";"445";"29/02/2020";"6";"SP 610R fra SP 253R e Conselice";"0 - DA BIVIO SS16 (SAN BIAGIO - ARGENTA) A CONFINE PROVINCIALE BOLOGNA";"1.959";"0";"1.900";"59";"1.517";"442";"0";"1.959"
"2020/02";"445";"29/02/2020";"6";"SP 610R fra SP 253R e Conselice";"1 - DA CONFINE PROVINCIALE BOLOGNA A BIVIO SS16 (SAN BIAGIO - ARGENTA)";"1.966";"1";"1.889";"76";"1.440";"526";"0";"1.966"
"2020/02";"447";"29/02/2020";"6";"SP 28 in località Molinazzo (Comune di Gossolengo)";"0 - DA PIACENZA A RIVERGARO";"2.278";"0";"2.233";"45";"1.794";"484";"0";"2.278"
"2020/02";"447";"29/02/2020";"6";"SP 28 in località Molinazzo (Comune di Gossolengo)";"1 - DA RIVERGARO A PIACENZA";"2.153";"0";"2.106";"47";"1.706";"447";"0";"2.153"
"2020/02";"448";"29/02/2020";"6";"SP 5 fra Reggiolo e intersezione SP 45 per Fabbrico";"0 - DA NOVELLARA A REGGIOLO";"2.697";"0";"2.617";"80";"1.924";"773";"0";"2.697"
"2020/02";"448";"29/02/2020";"6";"SP 5 fra Reggiolo e intersezione SP 45 per Fabbrico";"1 - DA REGGIOLO A NOVELLARA";"2.503";"0";"2.432";"71";"1.820";"683";"0";"2.503"
"2020/02";"449";"29/02/2020";"6";"SP 111 fra via Emilia e la variante Asse Val d'Enza";"1 - DA BORETTO A SS9 (CALERNO - SANT'ILARIO D'ENZA)";"3.158";"0";"2.990";"168";"2.352";"806";"0";"3.158"
"2020/02";"450";"29/02/2020";"6";"SP 35 sul Ponte Po";"0 - DA BIVIO SP62R (GUASTALLA) A PONTE FIUME PO";"3.131";"1";"3.064";"66";"2.237";"894";"0";"3.131"
"2020/02";"450";"29/02/2020";"6";"SP 35 sul Ponte Po";"1 - DA PONTE FIUME PO A BIVIO SP62R (GUASTALLA)";"3.194";"0";"3.133";"61";"2.396";"798";"0";"3.194"
"2020/02";"451";"29/02/2020";"6";"SP 62RVar sulla variante di Luzzara (c/o Codisotto)";"0 - DA LUZZARA A BORETTO";"3.549";"0";"3.353";"196";"2.582";"967";"0";"3.549"
"2020/02";"451";"29/02/2020";"6";"SP 62RVar sulla variante di Luzzara (c/o Codisotto)";"1 - DA BORETTO A LUZZARA";"3.594";"0";"3.412";"182";"2.645";"949";"0";"3.594"
"2020/02";"452";"29/02/2020";"6";"SP 3 sulla variante tra Bagnolo in Piano e il casello A 1 di Reggio Emilia";"0 - DA REGGIO EMILIA A NOVELLARA";"3.756";"0";"3.636";"120";"2.518";"1.238";"0";"3.756"
"2020/02";"452";"29/02/2020";"6";"SP 3 sulla variante tra Bagnolo in Piano e il casello A 1 di Reggio Emilia";"1 - DA NOVELLARA A REGGIO EMILIA";"4.002";"0";"3.907";"95";"2.957";"1.045";"0";"4.002"
"2020/02";"453";"29/02/2020";"6";"Asse viario Modena-Sassuolo tra Modena e Baggiovara";"0 - DA MODENA A SASSUOLO";"10.229";"0";"9.875";"354";"6.843";"3.386";"0";"10.229"
"2020/02";"453";"29/02/2020";"6";"Asse viario Modena-Sassuolo tra Modena e Baggiovara";"1 - DA MODENA A SASSUOLO";"6.065";"0";"5.985";"80";"4.333";"1.732";"0";"6.065"
"2020/02";"453";"29/02/2020";"6";"Asse viario Modena-Sassuolo tra Modena e Baggiovara";"2 - DA SASSUOLO A MODENA";"10.478";"0";"10.160";"318";"7.431";"3.047";"0";"10.478"
"2020/02";"453";"29/02/2020";"6";"Asse viario Modena-Sassuolo tra Modena e Baggiovara";"3 - DA SASSUOLO A MODENA";"5.930";"0";"5.858";"72";"4.655";"1.275";"0";"5.930"
"2020/02";"504";"29/02/2020";"6";"SP 7 dalla località Ca de' Mandorli al bivio per Castel de Britti";"0 - DA SAN LAZZARO DI SAVENA A MONGHIDORO";"4.593";"0";"4.535";"58";"3.288";"1.305";"0";"4.593"
"2020/02";"504";"29/02/2020";"6";"SP 7 dalla località Ca de' Mandorli al bivio per Castel de Britti";"1 - DA MONGHIDORO A SAN LAZZARO DI SAVENA";"4.571";"1";"4.507";"63";"3.568";"1.003";"0";"4.571"
"2020/02";"505";"29/02/2020";"6";"SP 610 tra casello A 1 (Imola) e bivio SP 51 per Castel Guelfo di Bologna";"0 - DA BIVIO SS16 (SAN BIAGIO - ARGENTA) A CONFINE REGIONALE TOSCANA";"4.478";"0";"4.300";"178";"3.327";"1.151";"0";"4.478"
"2020/02";"505";"29/02/2020";"6";"SP 610 tra casello A 1 (Imola) e bivio SP 51 per Castel Guelfo di Bologna";"1 - DA CONFINE REGIONALE TOSCANA A BIVIO SS16 (SAN BIAGIO - ARGENTA)";"4.392";"0";"4.201";"191";"3.101";"1.291";"0";"4.392"
"2020/02";"600";"29/02/2020";"6";"SP 19 tra SP31 e Medicina";"0 - DA MEDICINA A CASTEL SAN PIETRO TERME";"2.703";"0";"2.644";"59";"2.154";"549";"0";"2.703"
"2020/02";"601";"29/02/2020";"6";"SP 21 da Castel San Pietro al bivio SP 35 (c/o Sassoleone)";"0 - DA CASTEL SAN PIETRO TERME A CASTEL DEL RIO";"1.701";"0";"1.689";"12";"1.295";"406";"0";"1.701"
"2020/02";"601";"29/02/2020";"6";"SP 21 da Castel San Pietro al bivio SP 35 (c/o Sassoleone)";"1 - DA CASTEL DEL RIO A CASTEL SAN PIETRO TERME";"1.633";"1";"1.617";"15";"1.255";"378";"0";"1.633"
"2020/02";"602";"29/02/2020";"6";"SP 9_1 da Crevalcore alla località Caselle";"0 - DA CREVALCORE A CAMPOSANTO";"653";"0";"641";"12";"479";"174";"0";"653"
"2020/02";"602";"29/02/2020";"6";"SP 9_1 da Crevalcore alla località Caselle";"1 - DA CAMPOSANTO A CREVALCORE";"606";"0";"594";"12";"468";"138";"0";"606"
"2020/02";"604";"29/02/2020";"6";"SP 37 da Sasso Marconi alla intersezione SP 58";"1 - DA SASSO MARCONI A BOLOGNA";"1.717";"0";"1.708";"9";"1.351";"366";"0";"1.717"
"2020/02";"605";"29/02/2020";"6";"SP 324 da Silla alla intersezione SP 623";"0 - DA PORRETTA TERME A CONFINE REGIONALE TOSCANA";"3.379";"0";"3.324";"55";"2.567";"812";"0";"3.379"
"2020/02";"605";"29/02/2020";"6";"SP 324 da Silla alla intersezione SP 623";"1 - DA CONFINE REGIONALE TOSCANA A PORRETTA TERME";"3.005";"1";"2.953";"51";"2.365";"640";"0";"3.005"
"2020/02";"606";"29/02/2020";"6";"SP 70 Cispadana in località Sant'Agostino/San Carlo";"0 - DA POGGIO RENATICO A SANT'AGOSTINO";"1.105";"1";"1.066";"38";"965";"140";"0";"1.105"
"2020/02";"607";"29/02/2020";"6";"SP 1 da Villafranca di Forlì al confine provinciale";"0 - DA FORLI' A CONFINE PROVINCIALE RAVENNA";"1.312";"0";"1.291";"21";"977";"335";"0";"1.312"
"2020/02";"607";"29/02/2020";"6";"SP 1 da Villafranca di Forlì al confine provinciale";"1 - DA CONFINE PROVINCIALE RAVENNA A FORLI'";"1.334";"0";"1.319";"15";"996";"338";"0";"1.334"
"2020/02";"608";"29/02/2020";"6";"SP 140 da Diegaro (SS 9) a Pievesestina (E 45)";"0 - DA BIVIO SS9 EMILIA A BIVIO EXSS71BIS";"4.776";"2";"4.532";"242";"3.459";"1.317";"0";"4.776"
"2020/02";"608";"29/02/2020";"6";"SP 140 da Diegaro (SS 9) a Pievesestina (E 45)";"1 - DA BIVIO EXSS71BIS A BIVIO SS9 EMILIA";"4.981";"1";"4.717";"263";"3.550";"1.431";"0";"4.981"
"2020/02";"610";"29/02/2020";"6";"SP 11 da Soragna a Roncole Verdi";"0 - DA FONTEVIVO (CISPADANA) A BUSSETO";"1.178";"0";"1.135";"43";"840";"338";"0";"1.178"
"2020/02";"610";"29/02/2020";"6";"SP 11 da Soragna a Roncole Verdi";"1 - DA BUSSETO A FONTEVIVO (CISPADANA)";"1.151";"0";"1.117";"34";"878";"273";"0";"1.151"
"2020/02";"611";"29/02/2020";"6";"SP 357R da Fornovo di Taro al bivio SP 93 per Fidenza";"1 - DA FORNOVO DI TARO A BIVIO SS9 (NOCETO)";"4.467";"0";"4.370";"97";"3.510";"957";"0";"4.467"
"2020/02";"612";"29/02/2020";"6";"SP 665R dalla località Pilastro a Langhirano";"0 - DA PARMA A CONFINE REGIONALE TOSCANA";"6.245";"0";"6.127";"118";"4.924";"1.321";"0";"6.245"
"2020/02";"612";"29/02/2020";"6";"SP 665R dalla località Pilastro a Langhirano";"1 - DA CONFINE REGIONALE TOSCANA A PARMA";"5.956";"0";"5.843";"113";"4.676";"1.280";"0";"5.956"
"2020/02";"613";"29/02/2020";"6";"SP 16 dalla località Basilicanova al bivio SP 32 centro abitato Mamiano";"0 - DA PARMA A LESIGNANO DE' BAGNI";"2.538";"0";"2.488";"50";"1.835";"703";"0";"2.538"
"2020/02";"613";"29/02/2020";"6";"SP 16 dalla località Basilicanova al bivio SP 32 centro abitato Mamiano";"1 - DA LESIGNANO DE' BAGNI A PARMA";"2.459";"0";"2.404";"55";"1.888";"571";"0";"2.459"
"2020/02";"614";"29/02/2020";"6";"SP 587R dal bivio SP 10R alla A 21Dir";"0 - DA PIACENZA A CORTEMAGGIORE";"2.243";"1";"2.167";"75";"1.748";"495";"0";"2.243"
"2020/02";"614";"29/02/2020";"6";"SP 587R dal bivio SP 10R alla A 21Dir";"1 - DA CORTEMAGGIORE A PIACENZA";"2.203";"0";"2.125";"78";"1.706";"497";"0";"2.203"
"2020/02";"615";"29/02/2020";"6";"Piazzale Milano (ex SS 9) c/o ponte fiume Po";"0 - DA PIACENZA A LODI";"5.329";"0";"5.289";"40";"4.094";"1.235";"0";"5.329"
"2020/02";"615";"29/02/2020";"6";"Piazzale Milano (ex SS 9) c/o ponte fiume Po";"2 - DA LODI A PIACENZA";"3.305";"1";"3.254";"50";"2.621";"684";"0";"3.305"
"2020/02";"616";"29/02/2020";"6";"SP 588R dal casello A 21 di Castelvetro Piacentino a Villanova d'Arda";"0 - DA CASTELVETRO PIACENTINO A CONFINE PROVINCIALE PARMA (BUSSETO)";"1.280";"0";"1.232";"48";"983";"297";"0";"1.280"
"2020/02";"616";"29/02/2020";"6";"SP 588R dal casello A 21 di Castelvetro Piacentino a Villanova d'Arda";"1 - DA CONFINE PROVINCIALE PARMA (BUSSETO) A CASTELVETRO PIACENTINO";"1.278";"0";"1.233";"45";"997";"281";"0";"1.278"
"2020/02";"617";"29/02/2020";"6";"SP 7 dalla intersezione tangenziale sud/ovest di Piacenza a San Nicolò";"0 - DA BIVIO SP10 (PIACENZA) A GRAGNANO TREBBIENSE";"2.881";"0";"2.808";"73";"2.341";"540";"0";"2.881"
"2020/02";"617";"29/02/2020";"6";"SP 7 dalla intersezione tangenziale sud/ovest di Piacenza a San Nicolò";"1 - DA GRAGNANO TREBBIENSE A BIVIO SP10 (PIACENZA)";"2.802";"0";"2.729";"73";"2.323";"479";"0";"2.802"
"2020/02";"618";"29/02/2020";"6";"SP 253R fra Bagnacavallo (A14 Dir) e Godo (bivio SP 302R)";"1 - DA RUSSI A BAGNACAVALLO";"2.727";"0";"2.659";"68";"2.042";"685";"0";"2.727"
"2020/02";"619";"29/02/2020";"6";"SP 8 da Bagnacavallo al bivio SS 16";"1 - DA ALFONSINE A BAGNACAVALLO";"1.208";"0";"1.188";"20";"889";"319";"0";"1.208"
"2020/02";"620";"29/02/2020";"6";"SP 113 sulla variante di San Martino in Rio/Correggio c/o le località Prato/Gazzata";"0 - DA REGGIO EMILIA A CORREGGIO";"2.373";"0";"2.267";"106";"1.630";"743";"0";"2.373"
"2020/02";"620";"29/02/2020";"6";"SP 113 sulla variante di San Martino in Rio/Correggio c/o le località Prato/Gazzata";"1 - DA CORREGGIO A REGGIO EMILIA";"2.114";"0";"2.029";"85";"1.591";"523";"0";"2.114"
"2020/02";"621";"29/02/2020";"6";"SP 513R a nord di Vetto";"0 - DA SAN POLO D'ENZA A CASTELNOVO NE MONTI";"1.043";"0";"1.027";"16";"844";"199";"0";"1.043"
"2020/02";"621";"29/02/2020";"6";"SP 513R a nord di Vetto";"1 - DA CASTELNOVO NE MONTI A SAN POLO D'ENZA";"942";"0";"924";"18";"749";"193";"0";"942"
"2020/02";"622";"29/02/2020";"6";"SP 468R tra Correggio e il confine provinciale";"0 - DA REGGIO EMILIA A CONFINE PROVINCIALE MODENA";"6.010";"0";"5.848";"162";"4.425";"1.585";"0";"6.010"
"2020/02";"623";"29/02/2020";"6";"SP 30 tra Campagnola Emilia e il confine provinciale";"0 - DA NOVELLARA A RIO SALICETO";"5.202";"0";"5.093";"109";"3.861";"1.341";"0";"5.202"
"2020/02";"623";"29/02/2020";"6";"SP 30 tra Campagnola Emilia e il confine provinciale";"1 - DA RIO SALICETO A NOVELLARA";"5.134";"0";"5.051";"83";"3.679";"1.455";"0";"5.134"
"2020/02";"624";"29/02/2020";"6";"SP 23 tra Rivalta e la variante di Montecavolo";"0 - DA REGGIO EMILIA A QUATTRO CASTELLA";"4.728";"0";"4.676";"52";"3.418";"1.310";"0";"4.728"
"2020/02";"624";"29/02/2020";"6";"SP 23 tra Rivalta e la variante di Montecavolo";"1 - DA QUATTRO CASTELLA A REGGIO EMILIA";"5.000";"0";"4.948";"52";"3.730";"1.270";"0";"5.000"
"2020/02";"626";"29/02/2020";"6";"SP 18 da San Clemente al bivio SP 132 (località Osteria Nuova)";"0 - DA MORCIANO DI ROMAGNA A CONFINE PROVINCIALE PESARO";"3.245";"0";"3.165";"80";"2.504";"741";"0";"3.245"
"2020/02";"626";"29/02/2020";"6";"SP 18 da San Clemente al bivio SP 132 (località Osteria Nuova)";"1 - DA CONFINE PROVINCIALE PESARO A MORCIANO DI ROMAGNA";"3.181";"0";"3.123";"58";"2.561";"620";"0";"3.181"
"2020/02";"627";"29/02/2020";"6";"SS 64 variante di Riola di Vergato";"0 - DA PORRETTA TERME A FERRARA";"3.499";"0";"3.436";"63";"2.790";"709";"0";"3.499"
"2020/02";"627";"29/02/2020";"6";"SS 64 variante di Riola di Vergato";"1 - DA FERRARA A PORRETTA TERME";"3.580";"0";"3.516";"64";"2.847";"733";"0";"3.580"
"2020/02";"628";"29/02/2020";"6";"SS 309 tra Comacchio e confini provinciali di Ferrara e Ravenna";"0 - DA RAVENNA A CONFINE REGIONALE VENETO";"3.645";"1";"3.154";"490";"2.763";"882";"0";"3.645"
"2020/02";"628";"29/02/2020";"6";"SS 309 tra Comacchio e confini provinciali di Ferrara e Ravenna";"1 - DA CONFINE REGIONALE VENETO A RAVENNA";"3.811";"1";"3.298";"512";"2.888";"923";"0";"3.811"
"2020/02";"629";"29/02/2020";"6";"SS 727 (tg Forli') tra intersezione SS 9 e l'intersezione SS 67";"0 - DA CESENA A FAENZA";"4.988";"0";"4.847";"141";"3.725";"1.263";"0";"4.988"
"2020/02";"629";"29/02/2020";"6";"SS 727 (tg Forli') tra intersezione SS 9 e l'intersezione SS 67";"1 - DA FAENZA A CESENA";"4.502";"0";"4.373";"129";"3.406";"1.096";"0";"4.502"
"2020/02";"629";"29/02/2020";"6";"SS 727 (tg Forli') tra intersezione SS 9 e l'intersezione SS 67";"2 - DA CESENA A FAENZA";"715";"0";"706";"9";"568";"147";"0";"715"
"2020/02";"629";"29/02/2020";"6";"SS 727 (tg Forli') tra intersezione SS 9 e l'intersezione SS 67";"3 - DA FAENZA A CESENA";"704";"0";"700";"4";"584";"120";"0";"704"
"2020/02";"630";"29/02/2020";"6";"SS 726 (tg Cesena) tra intersezione ex SS 71BIS e l'intersezione SP 304R";"2 - DA PIACENZA A RIMINI";"7.865";"1";"7.514";"350";"5.642";"2.223";"0";"7.865"
"2020/02";"633";"29/02/2020";"6";"SS 724Dir/tangenziale complanare sud alla A 1 in direzione Bologna - tra intersezione Modena/Sassuolo e intersezione SS12";"0 - DA PIACENZA A RIMINI";"4.288";"0";"4.179";"109";"3.132";"1.156";"0";"4.288"
"2020/02";"633";"29/02/2020";"6";"SS 724Dir/tangenziale complanare sud alla A 1 in direzione Bologna - tra intersezione Modena/Sassuolo e intersezione SS12";"1 - DA PIACENZA A RIMINI";"961";"0";"960";"1";"623";"338";"0";"961"
"2020/02";"634";"29/02/2020";"6";"SS 12 tra Pavullo e intersezione SP 31";"0 - DA CONFINE REGIONALE TOSCANA A CONFINE REGIONALE LOMBARDIA";"5.598";"0";"5.502";"96";"4.456";"1.142";"0";"5.598"
"2020/02";"634";"29/02/2020";"6";"SS 12 tra Pavullo e intersezione SP 31";"1 - DA CONFINE REGIONALE LOMBARDIA A CONFINE REGIONALE TOSCANA";"5.902";"0";"5.802";"100";"4.595";"1.307";"0";"5.902"
"2020/02";"635";"29/02/2020";"6";"SS 725 (tg sud Piacenza) tra intersezione SS 45 e l'intersezione SP 6";"0 - DA SS9 A SS45";"10.935";"1";"10.541";"393";"8.514";"2.421";"0";"10.935"
"2020/02";"635";"29/02/2020";"6";"SS 725 (tg sud Piacenza) tra intersezione SS 45 e l'intersezione SP 6";"1 - DA SS9 A SS45";"3.928";"0";"3.894";"34";"3.396";"532";"0";"3.928"
"2020/02";"635";"29/02/2020";"6";"SS 725 (tg sud Piacenza) tra intersezione SS 45 e l'intersezione SP 6";"2 - DA SS45 A SS9";"10.053";"0";"9.686";"367";"7.819";"2.234";"0";"10.053"
"2020/02";"635";"29/02/2020";"6";"SS 725 (tg sud Piacenza) tra intersezione SS 45 e l'intersezione SP 6";"3 - DA SS45 A SS9";"3.341";"0";"3.306";"35";"2.859";"482";"0";"3.341"
"2020/02";"636";"29/02/2020";"6";"SS 9Var tra la tangenziale nord di Parma (intersezione SP 343R) e l'intersezione SP 62R";"0 - DA RIMINI A PIACENZA";"12.623";"0";"12.303";"320";"9.426";"3.197";"0";"12.623"
"2020/02";"636";"29/02/2020";"6";"SS 9Var tra la tangenziale nord di Parma (intersezione SP 343R) e l'intersezione SP 62R";"1 - DA RIMINI A PIACENZA";"4.791";"0";"4.756";"35";"3.930";"861";"0";"4.791"
"2020/02";"636";"29/02/2020";"6";"SS 9Var tra la tangenziale nord di Parma (intersezione SP 343R) e l'intersezione SP 62R";"2 - DA PIACENZA A RIMINI";"16.332";"1";"15.886";"445";"11.952";"4.380";"0";"16.332"
"2020/02";"636";"29/02/2020";"6";"SS 9Var tra la tangenziale nord di Parma (intersezione SP 343R) e l'intersezione SP 62R";"3 - DA PIACENZA A RIMINI";"5.711";"0";"5.665";"46";"4.670";"1.041";"0";"5.711"
"2020/02";"637";"29/02/2020";"6";"SS 62 tra Fornovo di Taro e Collecchio";"0 - DA CONFINE REGIONALE TOSCANA A PARMA";"5.117";"0";"5.003";"114";"3.900";"1.217";"0";"5.117"
"2020/02";"637";"29/02/2020";"6";"SS 62 tra Fornovo di Taro e Collecchio";"1 - DA PARMA A CONFINE REGIONALE TOSCANA";"5.466";"0";"5.342";"124";"4.184";"1.282";"0";"5.466"
"2020/02";"638";"29/02/2020";"6";"SS 9 tra la tangenziale nord di Reggio Emilia e Sant'Ilario d'Enza";"0 - DA RIMINI A PIACENZA";"7.754";"0";"7.483";"271";"5.233";"2.521";"0";"7.754"
"2020/02";"638";"29/02/2020";"6";"SS 9 tra la tangenziale nord di Reggio Emilia e Sant'Ilario d'Enza";"1 - DA PIACENZA A RIMINI";"7.515";"0";"7.281";"234";"5.279";"2.236";"0";"7.515"
"2020/02";"651";"29/02/2020";"6";"SS 9 da Imola a Castelbolognese (al confine provinciale)";"0 - DA RIMINI A PIACENZA";"6.839";"0";"6.719";"120";"4.947";"1.892";"0";"6.839"
"2020/02";"651";"29/02/2020";"6";"SS 9 da Imola a Castelbolognese (al confine provinciale)";"1 - DA PIACENZA A RIMINI";"6.823";"0";"6.762";"61";"4.891";"1.932";"0";"6.823"
"2020/02";"652";"29/02/2020";"6";"SS 16 dal bivio SP 610R ad Argenta";"0 - DA FERRARA A CONFINE REGIONALE MARCHE";"4.581";"0";"4.419";"162";"3.519";"1.062";"0";"4.581"
"2020/02";"652";"29/02/2020";"6";"SS 16 dal bivio SP 610R ad Argenta";"1 - DA CONFINE REGIONALE MARCHE A FERRARA";"4.682";"0";"4.531";"151";"3.650";"1.032";"0";"4.682"
"2020/02";"654";"29/02/2020";"6";"SP 7IBisR dal bivio SSPP 32/33ter alla SS 16";"0 - DA CESENA A CERVIA";"5.734";"0";"5.676";"58";"4.355";"1.379";"0";"5.734"
"2020/02";"654";"29/02/2020";"6";"SP 7IBisR dal bivio SSPP 32/33ter alla SS 16";"1 - DA CERVIA A CESENA";"5.696";"0";"5.650";"46";"4.230";"1.466";"0";"5.696"
"2020/02";"655";"29/02/2020";"6";"SP 253R dal bivio SP 302R allo svincolo A 14dir a Fornace Zarattini";"0 - DA RUSSI A RAVENNA";"6.047";"0";"5.967";"80";"4.594";"1.453";"0";"6.047"
"2020/02";"655";"29/02/2020";"6";"SP 253R dal bivio SP 302R allo svincolo A 14dir a Fornace Zarattini";"1 - DA RAVENNA A RUSSI";"5.746";"0";"5.680";"66";"4.240";"1.506";"0";"5.746"
"2020/02";"661";"29/02/2020";"6";"SP 15 tra Tresigallo e Massa Fiscaglia";"0 - DA TRESIGALLO A MASSA FISCAGLIA";"1.352";"0";"1.331";"21";"1.047";"305";"0";"1.352"
"2020/02";"661";"29/02/2020";"6";"SP 15 tra Tresigallo e Massa Fiscaglia";"1 - DA MASSA FISCAGLIA A TRESIGALLO";"1.394";"0";"1.379";"15";"1.036";"358";"0";"1.394"
"2020/02";"662";"29/02/2020";"6";"SP 2 tra intersezione SP 14 e Copparo";"0 - DA FERRARA A COPPARO";"4.766";"0";"4.709";"57";"3.616";"1.150";"0";"4.766"
"2020/02";"662";"29/02/2020";"6";"SP 2 tra intersezione SP 14 e Copparo";"1 - DA COPPARO A FERRARA";"4.930";"0";"4.868";"62";"3.834";"1.096";"0";"4.930"
"2020/02";"663";"29/02/2020";"6";"SP 60 tra intersezione SP 68 e SP62";"0 - DA JOLANDA DI SAVOIA A SS309 (LOC BOSCO MESOLA)";"1.204";"0";"1.142";"62";"935";"269";"0";"1.204"
"2020/02";"663";"29/02/2020";"6";"SP 60 tra intersezione SP 68 e SP62";"1 - DA SS309 (LOC BOSCO MESOLA) A JOLANDA DI SAVOIA";"1.218";"0";"1.156";"62";"922";"296";"0";"1.218"
"2020/02";"665";"29/02/2020";"6";"SP 1 tra intersezione SP7 a Piacenza";"0 - DA GRAGNANINO (SP7) A PIACENZA";"3.570";"0";"3.500";"70";"2.782";"788";"0";"3.570"
"2020/02";"665";"29/02/2020";"6";"SP 1 tra intersezione SP7 a Piacenza";"1 - DA PIACENZA A GRAGNANINO (SP7)";"3.485";"0";"3.416";"69";"2.627";"858";"0";"3.485"
"2020/02";"666";"29/02/2020";"6";"SP 3 tra via Monda e via Caminate";"0 - DA FORLI' A FIUMANA";"3.065";"0";"3.007";"58";"2.257";"808";"0";"3.065"
"2020/02";"666";"29/02/2020";"6";"SP 3 tra via Monda e via Caminate";"1 - DA FIUMANA A FORLI'";"2.797";"0";"2.739";"58";"2.088";"709";"0";"2.797"
"2020/02";"670";"29/02/2020";"6";"SP 114 dalla rotatoria SP 114/viale Parisoli alla rotatoria SP467";"0 - DA SS9 (NORD) A SP467 (SUD)";"5.883";"0";"5.802";"81";"4.397";"1.486";"0";"5.883"
"2020/02";"670";"29/02/2020";"6";"SP 114 dalla rotatoria SP 114/viale Parisoli alla rotatoria SP467";"1 - DA SP467 (SUD) A SS9(NORD)";"5.743";"0";"5.654";"89";"4.345";"1.398";"0";"5.743"
"2020/02";"675";"29/02/2020";"6";"SS 309 presso bivio con SS 309Dir (tangenziale di Ravenna)";"0 - DA RAVENNA A CONFINE REGIONALE VENETO";"3.796";"0";"3.330";"466";"2.909";"887";"0";"3.796"
"2020/02";"675";"29/02/2020";"6";"SS 309 presso bivio con SS 309Dir (tangenziale di Ravenna)";"1 - DA CONFINE REGIONALE VENETO A RAVENNA";"3.989";"0";"3.492";"497";"3.059";"930";"0";"3.989"
"2020/02";"676";"29/02/2020";"6";"SS 16 tra la tangenziale di Ravenna e la località Camerlona";"0 - DA FERRARA A CONFINE REGIONALE MARCHE";"7.512";"0";"7.345";"167";"5.767";"1.745";"0";"7.512"
"2020/02";"676";"29/02/2020";"6";"SS 16 tra la tangenziale di Ravenna e la località Camerlona";"1 - DA CONFINE REGIONALE MARCHE A FERRARA";"7.330";"0";"7.167";"163";"5.292";"2.038";"0";"7.330"

